"LOCATION","INDICATOR","SUBJECT","MEASURE","FREQUENCY","TIME","Value","Flag Codes"
"AUS","HOSPITALSTAY","ACUTE","DAY","A","1960",11.5,
"AUS","HOSPITALSTAY","ACUTE","DAY","A","1961",10.9,
"AUS","HOSPITALSTAY","ACUTE","DAY","A","1962",10.4,
"AUS","HOSPITALSTAY","ACUTE","DAY","A","1963",9.8,
"AUS","HOSPITALSTAY","ACUTE","DAY","A","1964",9.8,
"AUS","HOSPITALSTAY","ACUTE","DAY","A","1965",9.7,
"AUS","HOSPITALSTAY","ACUTE","DAY","A","1966",9.6,
"AUS","HOSPITALSTAY","ACUTE","DAY","A","1967",9.5,
"AUS","HOSPITALSTAY","ACUTE","DAY","A","1968",9.3,
"AUS","HOSPITALSTAY","ACUTE","DAY","A","1969",9.1,
"AUS","HOSPITALSTAY","ACUTE","DAY","A","1970",8.7,
"AUS","HOSPITALSTAY","ACUTE","DAY","A","1971",8.5,
"AUS","HOSPITALSTAY","ACUTE","DAY","A","1972",8.3,
"AUS","HOSPITALSTAY","ACUTE","DAY","A","1973",8.3,
"AUS","HOSPITALSTAY","ACUTE","DAY","A","1974",8.3,
"AUS","HOSPITALSTAY","ACUTE","DAY","A","1975",8.3,
"AUS","HOSPITALSTAY","ACUTE","DAY","A","1976",8,
"AUS","HOSPITALSTAY","ACUTE","DAY","A","1977",7.7,
"AUS","HOSPITALSTAY","ACUTE","DAY","A","1978",7.5,
"AUS","HOSPITALSTAY","ACUTE","DAY","A","1979",7.8,
"AUS","HOSPITALSTAY","ACUTE","DAY","A","1980",7.7,
"AUS","HOSPITALSTAY","ACUTE","DAY","A","1981",7.3,
"AUS","HOSPITALSTAY","ACUTE","DAY","A","1982",6.9,
"AUS","HOSPITALSTAY","ACUTE","DAY","A","1983",6.7,
"AUS","HOSPITALSTAY","ACUTE","DAY","A","1984",6.7,
"AUS","HOSPITALSTAY","ACUTE","DAY","A","1985",7.4,"B"
"AUS","HOSPITALSTAY","ACUTE","DAY","A","1987",7.4,
"AUS","HOSPITALSTAY","ACUTE","DAY","A","1989",7.2,
"AUS","HOSPITALSTAY","ACUTE","DAY","A","1991",6.5,
"AUS","HOSPITALSTAY","ACUTE","DAY","A","1992",6.6,
"AUS","HOSPITALSTAY","ACUTE","DAY","A","1993",6.4,
"AUS","HOSPITALSTAY","ACUTE","DAY","A","1994",6.4,
"AUS","HOSPITALSTAY","ACUTE","DAY","A","1995",6.5,
"AUS","HOSPITALSTAY","ACUTE","DAY","A","1996",6.4,
"AUS","HOSPITALSTAY","ACUTE","DAY","A","1997",6.2,
"AUS","HOSPITALSTAY","ACUTE","DAY","A","1998",6.1,
"AUS","HOSPITALSTAY","ACUTE","DAY","A","1999",6.2,
"AUS","HOSPITALSTAY","ACUTE","DAY","A","2000",6.1,
"AUS","HOSPITALSTAY","ACUTE","DAY","A","2001",6.2,
"AUS","HOSPITALSTAY","ACUTE","DAY","A","2002",6.2,
"AUS","HOSPITALSTAY","ACUTE","DAY","A","2003",6.1,
"AUS","HOSPITALSTAY","ACUTE","DAY","A","2004",6.1,
"AUS","HOSPITALSTAY","ACUTE","DAY","A","2005",6,
"AUS","HOSPITALSTAY","ACUTE","DAY","A","2006",5.9,
"AUS","HOSPITALSTAY","ACUTE","DAY","A","2008",5.2,"B"
"AUS","HOSPITALSTAY","ACUTE","DAY","A","2009",5.1,
"AUS","HOSPITALSTAY","ACUTE","DAY","A","2010",5,
"AUS","HOSPITALSTAY","ACUTE","DAY","A","2011",4.9,
"AUS","HOSPITALSTAY","ACUTE","DAY","A","2012",4.8,
"AUS","HOSPITALSTAY","ACUTE","DAY","A","2013",4.7,
"AUS","HOSPITALSTAY","ACUTE","DAY","A","2014",4.7,
"AUS","HOSPITALSTAY","CHILDBIRTH","DAY","A","1993",3.9,
"AUS","HOSPITALSTAY","CHILDBIRTH","DAY","A","1994",3.8,
"AUS","HOSPITALSTAY","CHILDBIRTH","DAY","A","1995",3.5,
"AUS","HOSPITALSTAY","CHILDBIRTH","DAY","A","1996",3.2,
"AUS","HOSPITALSTAY","CHILDBIRTH","DAY","A","1997",3.1,
"AUS","HOSPITALSTAY","CHILDBIRTH","DAY","A","1998",3,
"AUS","HOSPITALSTAY","CHILDBIRTH","DAY","A","1999",3,
"AUS","HOSPITALSTAY","CHILDBIRTH","DAY","A","2000",2.9,
"AUS","HOSPITALSTAY","CHILDBIRTH","DAY","A","2001",2.9,
"AUS","HOSPITALSTAY","CHILDBIRTH","DAY","A","2002",2.8,
"AUS","HOSPITALSTAY","CHILDBIRTH","DAY","A","2003",2.8,
"AUS","HOSPITALSTAY","CHILDBIRTH","DAY","A","2004",2.6,
"AUS","HOSPITALSTAY","CHILDBIRTH","DAY","A","2005",2.5,
"AUS","HOSPITALSTAY","CHILDBIRTH","DAY","A","2006",2.5,
"AUS","HOSPITALSTAY","CHILDBIRTH","DAY","A","2007",2.4,
"AUS","HOSPITALSTAY","CHILDBIRTH","DAY","A","2008",2.4,
"AUS","HOSPITALSTAY","CHILDBIRTH","DAY","A","2009",2.3,
"AUS","HOSPITALSTAY","CHILDBIRTH","DAY","A","2010",2.7,"B"
"AUS","HOSPITALSTAY","CHILDBIRTH","DAY","A","2011",2.8,
"AUS","HOSPITALSTAY","CHILDBIRTH","DAY","A","2012",2.7,
"AUS","HOSPITALSTAY","CHILDBIRTH","DAY","A","2013",2.6,
"AUS","HOSPITALSTAY","CHILDBIRTH","DAY","A","2014",2.6,
"AUT","HOSPITALSTAY","ACUTE","DAY","A","1989",11,
"AUT","HOSPITALSTAY","ACUTE","DAY","A","1990",11.1,
"AUT","HOSPITALSTAY","ACUTE","DAY","A","1991",10.5,
"AUT","HOSPITALSTAY","ACUTE","DAY","A","1992",10.1,
"AUT","HOSPITALSTAY","ACUTE","DAY","A","1993",10,
"AUT","HOSPITALSTAY","ACUTE","DAY","A","1994",9.6,
"AUT","HOSPITALSTAY","ACUTE","DAY","A","1995",9.7,
"AUT","HOSPITALSTAY","ACUTE","DAY","A","1996",9.5,
"AUT","HOSPITALSTAY","ACUTE","DAY","A","1997",8.3,"B"
"AUT","HOSPITALSTAY","ACUTE","DAY","A","1998",8.2,
"AUT","HOSPITALSTAY","ACUTE","DAY","A","1999",7.8,
"AUT","HOSPITALSTAY","ACUTE","DAY","A","2000",7.6,
"AUT","HOSPITALSTAY","ACUTE","DAY","A","2001",7.4,
"AUT","HOSPITALSTAY","ACUTE","DAY","A","2002",7.3,
"AUT","HOSPITALSTAY","ACUTE","DAY","A","2003",7.2,
"AUT","HOSPITALSTAY","ACUTE","DAY","A","2004",7.2,
"AUT","HOSPITALSTAY","ACUTE","DAY","A","2005",6.9,
"AUT","HOSPITALSTAY","ACUTE","DAY","A","2006",6.9,
"AUT","HOSPITALSTAY","ACUTE","DAY","A","2007",6.8,
"AUT","HOSPITALSTAY","ACUTE","DAY","A","2008",6.8,
"AUT","HOSPITALSTAY","ACUTE","DAY","A","2009",6.7,
"AUT","HOSPITALSTAY","ACUTE","DAY","A","2010",6.6,
"AUT","HOSPITALSTAY","ACUTE","DAY","A","2011",6.5,
"AUT","HOSPITALSTAY","ACUTE","DAY","A","2012",6.5,
"AUT","HOSPITALSTAY","ACUTE","DAY","A","2013",6.5,
"AUT","HOSPITALSTAY","ACUTE","DAY","A","2014",6.5,
"AUT","HOSPITALSTAY","ACUTE","DAY","A","2015",6.5,
"AUT","HOSPITALSTAY","CHILDBIRTH","DAY","A","1989",6.4,
"AUT","HOSPITALSTAY","CHILDBIRTH","DAY","A","1990",6.3,
"AUT","HOSPITALSTAY","CHILDBIRTH","DAY","A","1991",6,
"AUT","HOSPITALSTAY","CHILDBIRTH","DAY","A","1992",5.9,
"AUT","HOSPITALSTAY","CHILDBIRTH","DAY","A","1993",5.7,
"AUT","HOSPITALSTAY","CHILDBIRTH","DAY","A","1994",5.6,
"AUT","HOSPITALSTAY","CHILDBIRTH","DAY","A","1995",5.6,
"AUT","HOSPITALSTAY","CHILDBIRTH","DAY","A","1996",5.4,
"AUT","HOSPITALSTAY","CHILDBIRTH","DAY","A","1997",5.1,
"AUT","HOSPITALSTAY","CHILDBIRTH","DAY","A","1998",5.1,
"AUT","HOSPITALSTAY","CHILDBIRTH","DAY","A","1999",4.9,
"AUT","HOSPITALSTAY","CHILDBIRTH","DAY","A","2000",4.8,
"AUT","HOSPITALSTAY","CHILDBIRTH","DAY","A","2001",4.7,
"AUT","HOSPITALSTAY","CHILDBIRTH","DAY","A","2002",4.6,
"AUT","HOSPITALSTAY","CHILDBIRTH","DAY","A","2003",4.4,
"AUT","HOSPITALSTAY","CHILDBIRTH","DAY","A","2004",4.4,
"AUT","HOSPITALSTAY","CHILDBIRTH","DAY","A","2005",4.3,
"AUT","HOSPITALSTAY","CHILDBIRTH","DAY","A","2006",4.3,
"AUT","HOSPITALSTAY","CHILDBIRTH","DAY","A","2007",4.2,
"AUT","HOSPITALSTAY","CHILDBIRTH","DAY","A","2008",4.2,
"AUT","HOSPITALSTAY","CHILDBIRTH","DAY","A","2009",4.1,
"AUT","HOSPITALSTAY","CHILDBIRTH","DAY","A","2010",4,
"AUT","HOSPITALSTAY","CHILDBIRTH","DAY","A","2011",4,
"AUT","HOSPITALSTAY","CHILDBIRTH","DAY","A","2012",3.9,
"AUT","HOSPITALSTAY","CHILDBIRTH","DAY","A","2013",3.8,
"AUT","HOSPITALSTAY","CHILDBIRTH","DAY","A","2014",3.8,
"AUT","HOSPITALSTAY","CHILDBIRTH","DAY","A","2015",3.7,
"BEL","HOSPITALSTAY","ACUTE","DAY","A","1999",8,
"BEL","HOSPITALSTAY","ACUTE","DAY","A","2000",7.7,
"BEL","HOSPITALSTAY","ACUTE","DAY","A","2001",7.6,
"BEL","HOSPITALSTAY","ACUTE","DAY","A","2002",7.6,
"BEL","HOSPITALSTAY","ACUTE","DAY","A","2003",7.5,
"BEL","HOSPITALSTAY","ACUTE","DAY","A","2004",7.4,
"BEL","HOSPITALSTAY","ACUTE","DAY","A","2005",7.7,
"BEL","HOSPITALSTAY","ACUTE","DAY","A","2006",7.2,
"BEL","HOSPITALSTAY","ACUTE","DAY","A","2007",7.1,
"BEL","HOSPITALSTAY","ACUTE","DAY","A","2008",7.1,
"BEL","HOSPITALSTAY","ACUTE","DAY","A","2009",7.2,
"BEL","HOSPITALSTAY","ACUTE","DAY","A","2010",7.2,
"BEL","HOSPITALSTAY","ACUTE","DAY","A","2011",7.1,
"BEL","HOSPITALSTAY","ACUTE","DAY","A","2012",7,
"BEL","HOSPITALSTAY","ACUTE","DAY","A","2013",6.9,
"BEL","HOSPITALSTAY","ACUTE","DAY","A","2014",6.9,
"BEL","HOSPITALSTAY","CHILDBIRTH","DAY","A","2000",4.9,
"BEL","HOSPITALSTAY","CHILDBIRTH","DAY","A","2001",4.8,
"BEL","HOSPITALSTAY","CHILDBIRTH","DAY","A","2002",4.8,
"BEL","HOSPITALSTAY","CHILDBIRTH","DAY","A","2003",4.7,
"BEL","HOSPITALSTAY","CHILDBIRTH","DAY","A","2004",4.5,
"BEL","HOSPITALSTAY","CHILDBIRTH","DAY","A","2005",4.5,
"BEL","HOSPITALSTAY","CHILDBIRTH","DAY","A","2006",4.4,
"BEL","HOSPITALSTAY","CHILDBIRTH","DAY","A","2007",4.3,
"BEL","HOSPITALSTAY","CHILDBIRTH","DAY","A","2008",4.3,
"BEL","HOSPITALSTAY","CHILDBIRTH","DAY","A","2009",4.2,
"BEL","HOSPITALSTAY","CHILDBIRTH","DAY","A","2010",4.1,
"BEL","HOSPITALSTAY","CHILDBIRTH","DAY","A","2011",4,
"BEL","HOSPITALSTAY","CHILDBIRTH","DAY","A","2012",4,
"BEL","HOSPITALSTAY","CHILDBIRTH","DAY","A","2013",3.8,
"BEL","HOSPITALSTAY","CHILDBIRTH","DAY","A","2014",3.7,
"CAN","HOSPITALSTAY","ACUTE","DAY","A","1980",10,
"CAN","HOSPITALSTAY","ACUTE","DAY","A","1981",10.2,
"CAN","HOSPITALSTAY","ACUTE","DAY","A","1982",10,
"CAN","HOSPITALSTAY","ACUTE","DAY","A","1983",10,
"CAN","HOSPITALSTAY","ACUTE","DAY","A","1984",10.2,
"CAN","HOSPITALSTAY","ACUTE","DAY","A","1985",10.4,
"CAN","HOSPITALSTAY","ACUTE","DAY","A","1986",10.3,
"CAN","HOSPITALSTAY","ACUTE","DAY","A","1987",10.5,
"CAN","HOSPITALSTAY","ACUTE","DAY","A","1988",10.4,
"CAN","HOSPITALSTAY","ACUTE","DAY","A","1989",10.2,
"CAN","HOSPITALSTAY","ACUTE","DAY","A","1990",10.2,
"CAN","HOSPITALSTAY","ACUTE","DAY","A","1991",10,
"CAN","HOSPITALSTAY","ACUTE","DAY","A","1992",9.9,
"CAN","HOSPITALSTAY","ACUTE","DAY","A","1993",9.8,
"CAN","HOSPITALSTAY","ACUTE","DAY","A","1994",7.4,"B"
"CAN","HOSPITALSTAY","ACUTE","DAY","A","1995",7.2,
"CAN","HOSPITALSTAY","ACUTE","DAY","A","1996",7.1,
"CAN","HOSPITALSTAY","ACUTE","DAY","A","1997",7,
"CAN","HOSPITALSTAY","ACUTE","DAY","A","1998",7,
"CAN","HOSPITALSTAY","ACUTE","DAY","A","1999",7.1,
"CAN","HOSPITALSTAY","ACUTE","DAY","A","2000",7.2,
"CAN","HOSPITALSTAY","ACUTE","DAY","A","2001",7.3,
"CAN","HOSPITALSTAY","ACUTE","DAY","A","2002",7.4,
"CAN","HOSPITALSTAY","ACUTE","DAY","A","2003",7.3,
"CAN","HOSPITALSTAY","ACUTE","DAY","A","2004",7.3,
"CAN","HOSPITALSTAY","ACUTE","DAY","A","2005",7.2,
"CAN","HOSPITALSTAY","ACUTE","DAY","A","2006",7.4,
"CAN","HOSPITALSTAY","ACUTE","DAY","A","2007",7.5,
"CAN","HOSPITALSTAY","ACUTE","DAY","A","2008",7.7,
"CAN","HOSPITALSTAY","ACUTE","DAY","A","2009",7.7,
"CAN","HOSPITALSTAY","ACUTE","DAY","A","2010",7.7,
"CAN","HOSPITALSTAY","ACUTE","DAY","A","2011",7.6,
"CAN","HOSPITALSTAY","ACUTE","DAY","A","2012",7.6,
"CAN","HOSPITALSTAY","ACUTE","DAY","A","2013",7.5,
"CAN","HOSPITALSTAY","ACUTE","DAY","A","2014",7.6,
"CAN","HOSPITALSTAY","ACUTE","DAY","A","2015",7.4,
"CAN","HOSPITALSTAY","CHILDBIRTH","DAY","A","1980",4.7,
"CAN","HOSPITALSTAY","CHILDBIRTH","DAY","A","1981",4.6,
"CAN","HOSPITALSTAY","CHILDBIRTH","DAY","A","1982",4.4,
"CAN","HOSPITALSTAY","CHILDBIRTH","DAY","A","1983",4.4,
"CAN","HOSPITALSTAY","CHILDBIRTH","DAY","A","1984",4.3,
"CAN","HOSPITALSTAY","CHILDBIRTH","DAY","A","1985",4.2,
"CAN","HOSPITALSTAY","CHILDBIRTH","DAY","A","1986",4.1,
"CAN","HOSPITALSTAY","CHILDBIRTH","DAY","A","1987",4,
"CAN","HOSPITALSTAY","CHILDBIRTH","DAY","A","1988",3.9,
"CAN","HOSPITALSTAY","CHILDBIRTH","DAY","A","1989",3.7,
"CAN","HOSPITALSTAY","CHILDBIRTH","DAY","A","1990",3.5,
"CAN","HOSPITALSTAY","CHILDBIRTH","DAY","A","1991",3.3,
"CAN","HOSPITALSTAY","CHILDBIRTH","DAY","A","1992",3,
"CAN","HOSPITALSTAY","CHILDBIRTH","DAY","A","1993",2.8,
"CAN","HOSPITALSTAY","CHILDBIRTH","DAY","A","1994",2.5,
"CAN","HOSPITALSTAY","CHILDBIRTH","DAY","A","1995",2.2,
"CAN","HOSPITALSTAY","CHILDBIRTH","DAY","A","1996",2.1,
"CAN","HOSPITALSTAY","CHILDBIRTH","DAY","A","1997",2.1,
"CAN","HOSPITALSTAY","CHILDBIRTH","DAY","A","1998",2,
"CAN","HOSPITALSTAY","CHILDBIRTH","DAY","A","1999",2,
"CAN","HOSPITALSTAY","CHILDBIRTH","DAY","A","2000",2,
"CAN","HOSPITALSTAY","CHILDBIRTH","DAY","A","2001",2,
"CAN","HOSPITALSTAY","CHILDBIRTH","DAY","A","2002",2,
"CAN","HOSPITALSTAY","CHILDBIRTH","DAY","A","2003",1.9,
"CAN","HOSPITALSTAY","CHILDBIRTH","DAY","A","2004",1.9,
"CAN","HOSPITALSTAY","CHILDBIRTH","DAY","A","2005",1.8,
"CAN","HOSPITALSTAY","CHILDBIRTH","DAY","A","2006",1.8,
"CAN","HOSPITALSTAY","CHILDBIRTH","DAY","A","2007",1.8,
"CAN","HOSPITALSTAY","CHILDBIRTH","DAY","A","2008",1.8,
"CAN","HOSPITALSTAY","CHILDBIRTH","DAY","A","2009",1.7,
"CAN","HOSPITALSTAY","CHILDBIRTH","DAY","A","2010",1.7,
"CAN","HOSPITALSTAY","CHILDBIRTH","DAY","A","2011",1.7,
"CAN","HOSPITALSTAY","CHILDBIRTH","DAY","A","2012",1.6,
"CAN","HOSPITALSTAY","CHILDBIRTH","DAY","A","2013",1.6,
"CAN","HOSPITALSTAY","CHILDBIRTH","DAY","A","2014",1.6,
"CAN","HOSPITALSTAY","CHILDBIRTH","DAY","A","2015",1.5,
"CZE","HOSPITALSTAY","ACUTE","DAY","A","1975",13.1,
"CZE","HOSPITALSTAY","ACUTE","DAY","A","1976",13,
"CZE","HOSPITALSTAY","ACUTE","DAY","A","1977",12.9,
"CZE","HOSPITALSTAY","ACUTE","DAY","A","1978",12.9,
"CZE","HOSPITALSTAY","ACUTE","DAY","A","1979",13.1,
"CZE","HOSPITALSTAY","ACUTE","DAY","A","1980",13.6,
"CZE","HOSPITALSTAY","ACUTE","DAY","A","1981",13.5,
"CZE","HOSPITALSTAY","ACUTE","DAY","A","1982",13.3,
"CZE","HOSPITALSTAY","ACUTE","DAY","A","1983",13.3,
"CZE","HOSPITALSTAY","ACUTE","DAY","A","1984",13.2,
"CZE","HOSPITALSTAY","ACUTE","DAY","A","1985",13.1,
"CZE","HOSPITALSTAY","ACUTE","DAY","A","1986",13.4,
"CZE","HOSPITALSTAY","ACUTE","DAY","A","1987",13.2,
"CZE","HOSPITALSTAY","ACUTE","DAY","A","1988",13,
"CZE","HOSPITALSTAY","ACUTE","DAY","A","1989",12.8,
"CZE","HOSPITALSTAY","ACUTE","DAY","A","1990",12,
"CZE","HOSPITALSTAY","ACUTE","DAY","A","1991",11.9,
"CZE","HOSPITALSTAY","ACUTE","DAY","A","1992",11.6,
"CZE","HOSPITALSTAY","ACUTE","DAY","A","1993",11.2,
"CZE","HOSPITALSTAY","ACUTE","DAY","A","1994",10.8,
"CZE","HOSPITALSTAY","ACUTE","DAY","A","1995",10.2,
"CZE","HOSPITALSTAY","ACUTE","DAY","A","2000",7.9,
"CZE","HOSPITALSTAY","ACUTE","DAY","A","2005",7.9,
"CZE","HOSPITALSTAY","ACUTE","DAY","A","2009",7.3,
"CZE","HOSPITALSTAY","ACUTE","DAY","A","2010",7.1,
"CZE","HOSPITALSTAY","ACUTE","DAY","A","2011",6.9,
"CZE","HOSPITALSTAY","ACUTE","DAY","A","2012",6.7,
"CZE","HOSPITALSTAY","ACUTE","DAY","A","2013",6.6,
"CZE","HOSPITALSTAY","ACUTE","DAY","A","2014",6.6,
"CZE","HOSPITALSTAY","ACUTE","DAY","A","2015",6.6,
"CZE","HOSPITALSTAY","CHILDBIRTH","DAY","A","2000",6,
"CZE","HOSPITALSTAY","CHILDBIRTH","DAY","A","2001",5.9,
"CZE","HOSPITALSTAY","CHILDBIRTH","DAY","A","2002",5.8,
"CZE","HOSPITALSTAY","CHILDBIRTH","DAY","A","2003",5.6,
"CZE","HOSPITALSTAY","CHILDBIRTH","DAY","A","2004",5.5,
"CZE","HOSPITALSTAY","CHILDBIRTH","DAY","A","2005",5.3,
"CZE","HOSPITALSTAY","CHILDBIRTH","DAY","A","2006",5.1,
"CZE","HOSPITALSTAY","CHILDBIRTH","DAY","A","2007",5,
"CZE","HOSPITALSTAY","CHILDBIRTH","DAY","A","2008",4.8,
"CZE","HOSPITALSTAY","CHILDBIRTH","DAY","A","2009",4.8,
"CZE","HOSPITALSTAY","CHILDBIRTH","DAY","A","2010",4.6,
"CZE","HOSPITALSTAY","CHILDBIRTH","DAY","A","2011",4.5,
"CZE","HOSPITALSTAY","CHILDBIRTH","DAY","A","2012",4.4,
"CZE","HOSPITALSTAY","CHILDBIRTH","DAY","A","2013",4.3,
"CZE","HOSPITALSTAY","CHILDBIRTH","DAY","A","2014",4.2,
"CZE","HOSPITALSTAY","CHILDBIRTH","DAY","A","2015",4.2,
"DNK","HOSPITALSTAY","ACUTE","DAY","A","1970",12.5,
"DNK","HOSPITALSTAY","ACUTE","DAY","A","1975",10.8,
"DNK","HOSPITALSTAY","ACUTE","DAY","A","1977",9.7,
"DNK","HOSPITALSTAY","ACUTE","DAY","A","1978",9.6,
"DNK","HOSPITALSTAY","ACUTE","DAY","A","1979",8.8,
"DNK","HOSPITALSTAY","ACUTE","DAY","A","1980",8.5,
"DNK","HOSPITALSTAY","ACUTE","DAY","A","1981",8.3,
"DNK","HOSPITALSTAY","ACUTE","DAY","A","1982",8.2,
"DNK","HOSPITALSTAY","ACUTE","DAY","A","1983",8.1,
"DNK","HOSPITALSTAY","ACUTE","DAY","A","1984",7.9,
"DNK","HOSPITALSTAY","ACUTE","DAY","A","1985",7.8,
"DNK","HOSPITALSTAY","ACUTE","DAY","A","1986",7.5,
"DNK","HOSPITALSTAY","ACUTE","DAY","A","1987",7.3,
"DNK","HOSPITALSTAY","ACUTE","DAY","A","1988",6.9,
"DNK","HOSPITALSTAY","ACUTE","DAY","A","1989",6.6,
"DNK","HOSPITALSTAY","ACUTE","DAY","A","1990",6.4,
"DNK","HOSPITALSTAY","ACUTE","DAY","A","1991",6.3,
"DNK","HOSPITALSTAY","ACUTE","DAY","A","1992",6.1,
"DNK","HOSPITALSTAY","ACUTE","DAY","A","1993",6,
"DNK","HOSPITALSTAY","ACUTE","DAY","A","1994",4.1,
"DNK","HOSPITALSTAY","ACUTE","DAY","A","1995",4.1,
"DNK","HOSPITALSTAY","ACUTE","DAY","A","1996",4.1,
"DNK","HOSPITALSTAY","ACUTE","DAY","A","1997",4,
"DNK","HOSPITALSTAY","ACUTE","DAY","A","1998",3.9,
"DNK","HOSPITALSTAY","ACUTE","DAY","A","1999",3.9,
"DNK","HOSPITALSTAY","ACUTE","DAY","A","2000",3.8,
"DNK","HOSPITALSTAY","ACUTE","DAY","A","2001",3.8,
"DNK","HOSPITALSTAY","ACUTE","DAY","A","2002",3.7,
"DNK","HOSPITALSTAY","ACUTE","DAY","A","2003",3.6,
"DNK","HOSPITALSTAY","ACUTE","DAY","A","2004",3.4,
"DNK","HOSPITALSTAY","ACUTE","DAY","A","2005",3.5,
"DNK","HOSPITALSTAY","CHILDBIRTH","DAY","A","2001",3.4,
"DNK","HOSPITALSTAY","CHILDBIRTH","DAY","A","2002",3.3,
"DNK","HOSPITALSTAY","CHILDBIRTH","DAY","A","2003",3.2,
"DNK","HOSPITALSTAY","CHILDBIRTH","DAY","A","2004",3.1,
"DNK","HOSPITALSTAY","CHILDBIRTH","DAY","A","2005",3,
"DNK","HOSPITALSTAY","CHILDBIRTH","DAY","A","2006",3,
"DNK","HOSPITALSTAY","CHILDBIRTH","DAY","A","2007",2.9,
"DNK","HOSPITALSTAY","CHILDBIRTH","DAY","A","2008",2.9,
"DNK","HOSPITALSTAY","CHILDBIRTH","DAY","A","2009",2.8,
"DNK","HOSPITALSTAY","CHILDBIRTH","DAY","A","2010",2.8,
"DNK","HOSPITALSTAY","CHILDBIRTH","DAY","A","2011",2.8,
"DNK","HOSPITALSTAY","CHILDBIRTH","DAY","A","2012",2.5,
"DNK","HOSPITALSTAY","CHILDBIRTH","DAY","A","2013",2.5,
"DNK","HOSPITALSTAY","CHILDBIRTH","DAY","A","2014",2.5,
"DNK","HOSPITALSTAY","CHILDBIRTH","DAY","A","2015",2.4,
"DNK","HOSPITALSTAY","CHILDBIRTH","DAY","A","2016",2.3,
"FIN","HOSPITALSTAY","ACUTE","DAY","A","1960",12.5,
"FIN","HOSPITALSTAY","ACUTE","DAY","A","1961",12.6,
"FIN","HOSPITALSTAY","ACUTE","DAY","A","1962",12.8,
"FIN","HOSPITALSTAY","ACUTE","DAY","A","1963",12.9,
"FIN","HOSPITALSTAY","ACUTE","DAY","A","1964",13.3,
"FIN","HOSPITALSTAY","ACUTE","DAY","A","1965",13.2,
"FIN","HOSPITALSTAY","ACUTE","DAY","A","1966",13.4,
"FIN","HOSPITALSTAY","ACUTE","DAY","A","1967",13.3,
"FIN","HOSPITALSTAY","ACUTE","DAY","A","1968",13.2,
"FIN","HOSPITALSTAY","ACUTE","DAY","A","1969",13,
"FIN","HOSPITALSTAY","ACUTE","DAY","A","1970",12.8,
"FIN","HOSPITALSTAY","ACUTE","DAY","A","1971",12.6,
"FIN","HOSPITALSTAY","ACUTE","DAY","A","1972",12.2,
"FIN","HOSPITALSTAY","ACUTE","DAY","A","1973",12,
"FIN","HOSPITALSTAY","ACUTE","DAY","A","1974",11.8,
"FIN","HOSPITALSTAY","ACUTE","DAY","A","1975",11.4,
"FIN","HOSPITALSTAY","ACUTE","DAY","A","1976",10.7,
"FIN","HOSPITALSTAY","ACUTE","DAY","A","1977",9.4,
"FIN","HOSPITALSTAY","ACUTE","DAY","A","1978",9.4,
"FIN","HOSPITALSTAY","ACUTE","DAY","A","1979",9,
"FIN","HOSPITALSTAY","ACUTE","DAY","A","1980",8.8,
"FIN","HOSPITALSTAY","ACUTE","DAY","A","1981",8.5,
"FIN","HOSPITALSTAY","ACUTE","DAY","A","1982",8.3,
"FIN","HOSPITALSTAY","ACUTE","DAY","A","1983",8.2,
"FIN","HOSPITALSTAY","ACUTE","DAY","A","1984",8.2,
"FIN","HOSPITALSTAY","ACUTE","DAY","A","1985",8,
"FIN","HOSPITALSTAY","ACUTE","DAY","A","1986",8,
"FIN","HOSPITALSTAY","ACUTE","DAY","A","1987",7.5,
"FIN","HOSPITALSTAY","ACUTE","DAY","A","1988",7.6,
"FIN","HOSPITALSTAY","ACUTE","DAY","A","1989",7.3,
"FIN","HOSPITALSTAY","ACUTE","DAY","A","1990",7,
"FIN","HOSPITALSTAY","ACUTE","DAY","A","1991",7,
"FIN","HOSPITALSTAY","ACUTE","DAY","A","1992",6.1,
"FIN","HOSPITALSTAY","ACUTE","DAY","A","1993",5.7,
"FIN","HOSPITALSTAY","ACUTE","DAY","A","1994",5.6,
"FIN","HOSPITALSTAY","ACUTE","DAY","A","1995",5.5,
"FIN","HOSPITALSTAY","ACUTE","DAY","A","1996",6,
"FIN","HOSPITALSTAY","ACUTE","DAY","A","1997",5.9,
"FIN","HOSPITALSTAY","ACUTE","DAY","A","1998",5.9,
"FIN","HOSPITALSTAY","ACUTE","DAY","A","1999",5.8,
"FIN","HOSPITALSTAY","ACUTE","DAY","A","2000",6.9,"B"
"FIN","HOSPITALSTAY","ACUTE","DAY","A","2001",7,
"FIN","HOSPITALSTAY","ACUTE","DAY","A","2002",7.1,
"FIN","HOSPITALSTAY","ACUTE","DAY","A","2003",7.1,
"FIN","HOSPITALSTAY","ACUTE","DAY","A","2004",7.1,
"FIN","HOSPITALSTAY","ACUTE","DAY","A","2005",7.1,
"FIN","HOSPITALSTAY","ACUTE","DAY","A","2006",7.2,
"FIN","HOSPITALSTAY","ACUTE","DAY","A","2007",7.2,
"FIN","HOSPITALSTAY","ACUTE","DAY","A","2008",7.1,
"FIN","HOSPITALSTAY","ACUTE","DAY","A","2009",7,
"FIN","HOSPITALSTAY","ACUTE","DAY","A","2010",7,
"FIN","HOSPITALSTAY","ACUTE","DAY","A","2011",6.9,
"FIN","HOSPITALSTAY","ACUTE","DAY","A","2012",6.9,
"FIN","HOSPITALSTAY","ACUTE","DAY","A","2013",6.8,
"FIN","HOSPITALSTAY","ACUTE","DAY","A","2014",6.7,
"FIN","HOSPITALSTAY","ACUTE","DAY","A","2015",6.6,
"FIN","HOSPITALSTAY","CHILDBIRTH","DAY","A","1978",7.2,
"FIN","HOSPITALSTAY","CHILDBIRTH","DAY","A","1979",6.7,
"FIN","HOSPITALSTAY","CHILDBIRTH","DAY","A","2001",3.7,
"FIN","HOSPITALSTAY","CHILDBIRTH","DAY","A","2002",3.6,
"FIN","HOSPITALSTAY","CHILDBIRTH","DAY","A","2003",3.6,
"FIN","HOSPITALSTAY","CHILDBIRTH","DAY","A","2004",3.5,
"FIN","HOSPITALSTAY","CHILDBIRTH","DAY","A","2005",3.5,
"FIN","HOSPITALSTAY","CHILDBIRTH","DAY","A","2006",3.4,
"FIN","HOSPITALSTAY","CHILDBIRTH","DAY","A","2007",3.4,
"FIN","HOSPITALSTAY","CHILDBIRTH","DAY","A","2008",3.4,
"FIN","HOSPITALSTAY","CHILDBIRTH","DAY","A","2009",3.2,
"FIN","HOSPITALSTAY","CHILDBIRTH","DAY","A","2010",3.1,
"FIN","HOSPITALSTAY","CHILDBIRTH","DAY","A","2011",3.1,
"FIN","HOSPITALSTAY","CHILDBIRTH","DAY","A","2012",3.1,
"FIN","HOSPITALSTAY","CHILDBIRTH","DAY","A","2013",3,
"FIN","HOSPITALSTAY","CHILDBIRTH","DAY","A","2014",3,
"FIN","HOSPITALSTAY","CHILDBIRTH","DAY","A","2015",2.9,
"FRA","HOSPITALSTAY","ACUTE","DAY","A","1974",12.3,
"FRA","HOSPITALSTAY","ACUTE","DAY","A","1975",11.9,
"FRA","HOSPITALSTAY","ACUTE","DAY","A","1976",11.3,
"FRA","HOSPITALSTAY","ACUTE","DAY","A","1977",10.9,
"FRA","HOSPITALSTAY","ACUTE","DAY","A","1978",10.6,
"FRA","HOSPITALSTAY","ACUTE","DAY","A","1979",10.1,
"FRA","HOSPITALSTAY","ACUTE","DAY","A","1980",10.2,
"FRA","HOSPITALSTAY","ACUTE","DAY","A","1981",10,
"FRA","HOSPITALSTAY","ACUTE","DAY","A","1982",9.7,
"FRA","HOSPITALSTAY","ACUTE","DAY","A","1983",9.3,
"FRA","HOSPITALSTAY","ACUTE","DAY","A","1984",9,
"FRA","HOSPITALSTAY","ACUTE","DAY","A","1985",8.6,
"FRA","HOSPITALSTAY","ACUTE","DAY","A","1986",8.3,
"FRA","HOSPITALSTAY","ACUTE","DAY","A","1987",7.9,
"FRA","HOSPITALSTAY","ACUTE","DAY","A","1988",7.6,
"FRA","HOSPITALSTAY","ACUTE","DAY","A","1989",7.3,
"FRA","HOSPITALSTAY","ACUTE","DAY","A","1990",7,
"FRA","HOSPITALSTAY","ACUTE","DAY","A","1991",6.7,
"FRA","HOSPITALSTAY","ACUTE","DAY","A","1992",6.5,
"FRA","HOSPITALSTAY","ACUTE","DAY","A","1993",6.4,
"FRA","HOSPITALSTAY","ACUTE","DAY","A","1994",6.4,
"FRA","HOSPITALSTAY","ACUTE","DAY","A","1995",6.2,
"FRA","HOSPITALSTAY","ACUTE","DAY","A","1996",6.1,
"FRA","HOSPITALSTAY","ACUTE","DAY","A","1997",5.9,
"FRA","HOSPITALSTAY","ACUTE","DAY","A","1998",5.8,
"FRA","HOSPITALSTAY","ACUTE","DAY","A","1999",5.5,
"FRA","HOSPITALSTAY","ACUTE","DAY","A","2000",5.6,
"FRA","HOSPITALSTAY","ACUTE","DAY","A","2001",5.7,
"FRA","HOSPITALSTAY","ACUTE","DAY","A","2002",5.7,
"FRA","HOSPITALSTAY","ACUTE","DAY","A","2003",6.1,"B"
"FRA","HOSPITALSTAY","ACUTE","DAY","A","2004",6,
"FRA","HOSPITALSTAY","ACUTE","DAY","A","2005",5.9,
"FRA","HOSPITALSTAY","ACUTE","DAY","A","2006",5.9,
"FRA","HOSPITALSTAY","ACUTE","DAY","A","2007",5.9,
"FRA","HOSPITALSTAY","ACUTE","DAY","A","2008",5.8,
"FRA","HOSPITALSTAY","ACUTE","DAY","A","2009",5.7,
"FRA","HOSPITALSTAY","ACUTE","DAY","A","2010",5.8,
"FRA","HOSPITALSTAY","ACUTE","DAY","A","2011",5.7,
"FRA","HOSPITALSTAY","ACUTE","DAY","A","2012",5.7,
"FRA","HOSPITALSTAY","ACUTE","DAY","A","2013",5.8,
"FRA","HOSPITALSTAY","ACUTE","DAY","A","2014",5.7,
"FRA","HOSPITALSTAY","CHILDBIRTH","DAY","A","1997",5.3,
"FRA","HOSPITALSTAY","CHILDBIRTH","DAY","A","1998",5.2,
"FRA","HOSPITALSTAY","CHILDBIRTH","DAY","A","1999",5.1,
"FRA","HOSPITALSTAY","CHILDBIRTH","DAY","A","2000",4.9,
"FRA","HOSPITALSTAY","CHILDBIRTH","DAY","A","2001",4.8,
"FRA","HOSPITALSTAY","CHILDBIRTH","DAY","A","2002",4.8,
"FRA","HOSPITALSTAY","CHILDBIRTH","DAY","A","2003",4.7,
"FRA","HOSPITALSTAY","CHILDBIRTH","DAY","A","2004",4.6,
"FRA","HOSPITALSTAY","CHILDBIRTH","DAY","A","2005",4.6,
"FRA","HOSPITALSTAY","CHILDBIRTH","DAY","A","2006",4.5,
"FRA","HOSPITALSTAY","CHILDBIRTH","DAY","A","2007",4.4,
"FRA","HOSPITALSTAY","CHILDBIRTH","DAY","A","2008",4.4,
"FRA","HOSPITALSTAY","CHILDBIRTH","DAY","A","2009",4.3,
"FRA","HOSPITALSTAY","CHILDBIRTH","DAY","A","2010",4.3,
"FRA","HOSPITALSTAY","CHILDBIRTH","DAY","A","2011",4.2,
"FRA","HOSPITALSTAY","CHILDBIRTH","DAY","A","2012",4.2,
"FRA","HOSPITALSTAY","CHILDBIRTH","DAY","A","2013",4.1,
"FRA","HOSPITALSTAY","CHILDBIRTH","DAY","A","2014",4.1,
"FRA","HOSPITALSTAY","CHILDBIRTH","DAY","A","2015",4,
"DEU","HOSPITALSTAY","ACUTE","DAY","A","1994",13,
"DEU","HOSPITALSTAY","ACUTE","DAY","A","1995",12.5,
"DEU","HOSPITALSTAY","ACUTE","DAY","A","1996",12.1,
"DEU","HOSPITALSTAY","ACUTE","DAY","A","1997",11.2,
"DEU","HOSPITALSTAY","ACUTE","DAY","A","1998",10.8,
"DEU","HOSPITALSTAY","ACUTE","DAY","A","1999",10.5,
"DEU","HOSPITALSTAY","ACUTE","DAY","A","2000",10.1,
"DEU","HOSPITALSTAY","ACUTE","DAY","A","2001",9.8,
"DEU","HOSPITALSTAY","ACUTE","DAY","A","2002",9.6,
"DEU","HOSPITALSTAY","ACUTE","DAY","A","2003",9.3,
"DEU","HOSPITALSTAY","ACUTE","DAY","A","2004",8.9,
"DEU","HOSPITALSTAY","ACUTE","DAY","A","2005",8.8,
"DEU","HOSPITALSTAY","ACUTE","DAY","A","2006",8.7,
"DEU","HOSPITALSTAY","ACUTE","DAY","A","2007",8.5,
"DEU","HOSPITALSTAY","ACUTE","DAY","A","2008",8.3,
"DEU","HOSPITALSTAY","ACUTE","DAY","A","2009",8.2,
"DEU","HOSPITALSTAY","ACUTE","DAY","A","2010",8.1,
"DEU","HOSPITALSTAY","ACUTE","DAY","A","2011",7.9,
"DEU","HOSPITALSTAY","ACUTE","DAY","A","2012",7.8,
"DEU","HOSPITALSTAY","ACUTE","DAY","A","2013",7.7,
"DEU","HOSPITALSTAY","ACUTE","DAY","A","2014",7.6,
"DEU","HOSPITALSTAY","ACUTE","DAY","A","2015",7.6,
"DEU","HOSPITALSTAY","CHILDBIRTH","DAY","A","1994",6.1,
"DEU","HOSPITALSTAY","CHILDBIRTH","DAY","A","1995",5.8,
"DEU","HOSPITALSTAY","CHILDBIRTH","DAY","A","1996",5.3,
"DEU","HOSPITALSTAY","CHILDBIRTH","DAY","A","1997",5.1,
"DEU","HOSPITALSTAY","CHILDBIRTH","DAY","A","1998",4.9,
"DEU","HOSPITALSTAY","CHILDBIRTH","DAY","A","1999",4.8,
"DEU","HOSPITALSTAY","CHILDBIRTH","DAY","A","2000",4.7,
"DEU","HOSPITALSTAY","CHILDBIRTH","DAY","A","2001",4.6,
"DEU","HOSPITALSTAY","CHILDBIRTH","DAY","A","2002",4.4,
"DEU","HOSPITALSTAY","CHILDBIRTH","DAY","A","2003",4.1,
"DEU","HOSPITALSTAY","CHILDBIRTH","DAY","A","2004",3.7,
"DEU","HOSPITALSTAY","CHILDBIRTH","DAY","A","2005",3.6,
"DEU","HOSPITALSTAY","CHILDBIRTH","DAY","A","2006",3.5,
"DEU","HOSPITALSTAY","CHILDBIRTH","DAY","A","2007",3.4,
"DEU","HOSPITALSTAY","CHILDBIRTH","DAY","A","2008",3.3,
"DEU","HOSPITALSTAY","CHILDBIRTH","DAY","A","2009",3.2,
"DEU","HOSPITALSTAY","CHILDBIRTH","DAY","A","2010",3.1,
"DEU","HOSPITALSTAY","CHILDBIRTH","DAY","A","2011",3.1,
"DEU","HOSPITALSTAY","CHILDBIRTH","DAY","A","2012",3,
"DEU","HOSPITALSTAY","CHILDBIRTH","DAY","A","2013",2.9,
"DEU","HOSPITALSTAY","CHILDBIRTH","DAY","A","2014",3.1,"B"
"DEU","HOSPITALSTAY","CHILDBIRTH","DAY","A","2015",3.1,
"GRC","HOSPITALSTAY","ACUTE","DAY","A","1977",11,
"GRC","HOSPITALSTAY","ACUTE","DAY","A","1978",10.9,
"GRC","HOSPITALSTAY","ACUTE","DAY","A","1979",10.5,
"GRC","HOSPITALSTAY","ACUTE","DAY","A","1980",10.2,
"GRC","HOSPITALSTAY","ACUTE","DAY","A","1981",10.3,
"GRC","HOSPITALSTAY","ACUTE","DAY","A","1982",10.2,
"GRC","HOSPITALSTAY","ACUTE","DAY","A","1983",9.5,
"GRC","HOSPITALSTAY","ACUTE","DAY","A","1984",9.6,
"GRC","HOSPITALSTAY","ACUTE","DAY","A","1985",8.9,
"GRC","HOSPITALSTAY","ACUTE","DAY","A","1986",8.4,
"GRC","HOSPITALSTAY","ACUTE","DAY","A","1987",8.3,
"GRC","HOSPITALSTAY","ACUTE","DAY","A","1988",7.8,
"GRC","HOSPITALSTAY","ACUTE","DAY","A","1989",7.6,
"GRC","HOSPITALSTAY","ACUTE","DAY","A","1990",7.5,
"GRC","HOSPITALSTAY","ACUTE","DAY","A","1991",7.2,
"GRC","HOSPITALSTAY","ACUTE","DAY","A","1992",7.1,
"GRC","HOSPITALSTAY","ACUTE","DAY","A","1993",6.6,
"GRC","HOSPITALSTAY","ACUTE","DAY","A","1994",6.7,
"GRC","HOSPITALSTAY","ACUTE","DAY","A","1995",6.4,
"GRC","HOSPITALSTAY","ACUTE","DAY","A","1996",6.5,
"GRC","HOSPITALSTAY","ACUTE","DAY","A","1997",6.3,
"GRC","HOSPITALSTAY","ACUTE","DAY","A","1998",6.3,
"GRC","HOSPITALSTAY","ACUTE","DAY","A","1999",6.3,
"GRC","HOSPITALSTAY","ACUTE","DAY","A","2000",6.2,
"GRC","HOSPITALSTAY","ACUTE","DAY","A","2001",6.2,
"GRC","HOSPITALSTAY","ACUTE","DAY","A","2002",6.2,
"GRC","HOSPITALSTAY","ACUTE","DAY","A","2003",6,
"GRC","HOSPITALSTAY","ACUTE","DAY","A","2004",5.7,
"GRC","HOSPITALSTAY","ACUTE","DAY","A","2005",5.6,
"GRC","HOSPITALSTAY","ACUTE","DAY","A","2006",5.8,
"GRC","HOSPITALSTAY","ACUTE","DAY","A","2007",5.4,
"GRC","HOSPITALSTAY","ACUTE","DAY","A","2008",5.4,
"GRC","HOSPITALSTAY","ACUTE","DAY","A","2009",5.3,
"GRC","HOSPITALSTAY","ACUTE","DAY","A","2010",5.3,
"GRC","HOSPITALSTAY","ACUTE","DAY","A","2011",5.4,
"GRC","HOSPITALSTAY","ACUTE","DAY","A","2012",5.2,
"GRC","HOSPITALSTAY","CHILDBIRTH","DAY","A","1970",5,
"GRC","HOSPITALSTAY","CHILDBIRTH","DAY","A","1971",5,
"GRC","HOSPITALSTAY","CHILDBIRTH","DAY","A","1972",6,
"GRC","HOSPITALSTAY","CHILDBIRTH","DAY","A","1973",6,
"GRC","HOSPITALSTAY","CHILDBIRTH","DAY","A","1974",6,
"GRC","HOSPITALSTAY","CHILDBIRTH","DAY","A","1975",6,
"GRC","HOSPITALSTAY","CHILDBIRTH","DAY","A","1976",5,
"GRC","HOSPITALSTAY","CHILDBIRTH","DAY","A","1977",5,
"GRC","HOSPITALSTAY","CHILDBIRTH","DAY","A","1978",5,
"GRC","HOSPITALSTAY","CHILDBIRTH","DAY","A","1979",5,
"GRC","HOSPITALSTAY","CHILDBIRTH","DAY","A","1980",5,
"GRC","HOSPITALSTAY","CHILDBIRTH","DAY","A","1981",5,
"GRC","HOSPITALSTAY","CHILDBIRTH","DAY","A","1982",5,
"GRC","HOSPITALSTAY","CHILDBIRTH","DAY","A","1983",5,
"GRC","HOSPITALSTAY","CHILDBIRTH","DAY","A","1984",5,
"GRC","HOSPITALSTAY","CHILDBIRTH","DAY","A","1985",5,
"GRC","HOSPITALSTAY","CHILDBIRTH","DAY","A","1986",5,
"GRC","HOSPITALSTAY","CHILDBIRTH","DAY","A","1987",5,
"GRC","HOSPITALSTAY","CHILDBIRTH","DAY","A","1988",5,
"GRC","HOSPITALSTAY","CHILDBIRTH","DAY","A","1989",5,
"GRC","HOSPITALSTAY","CHILDBIRTH","DAY","A","1990",5,
"GRC","HOSPITALSTAY","CHILDBIRTH","DAY","A","1991",5,
"GRC","HOSPITALSTAY","CHILDBIRTH","DAY","A","1992",5,
"GRC","HOSPITALSTAY","CHILDBIRTH","DAY","A","1993",4,
"GRC","HOSPITALSTAY","CHILDBIRTH","DAY","A","1994",4,
"GRC","HOSPITALSTAY","CHILDBIRTH","DAY","A","1995",4,
"GRC","HOSPITALSTAY","CHILDBIRTH","DAY","A","1996",4,
"GRC","HOSPITALSTAY","CHILDBIRTH","DAY","A","1997",4,
"GRC","HOSPITALSTAY","CHILDBIRTH","DAY","A","1998",4,
"GRC","HOSPITALSTAY","CHILDBIRTH","DAY","A","1999",4,
"GRC","HOSPITALSTAY","CHILDBIRTH","DAY","A","2000",4,
"GRC","HOSPITALSTAY","CHILDBIRTH","DAY","A","2001",4,
"GRC","HOSPITALSTAY","CHILDBIRTH","DAY","A","2002",4,
"GRC","HOSPITALSTAY","CHILDBIRTH","DAY","A","2003",4,
"GRC","HOSPITALSTAY","CHILDBIRTH","DAY","A","2004",4,
"GRC","HOSPITALSTAY","CHILDBIRTH","DAY","A","2005",4,
"GRC","HOSPITALSTAY","CHILDBIRTH","DAY","A","2006",4,
"GRC","HOSPITALSTAY","CHILDBIRTH","DAY","A","2007",3.8,
"GRC","HOSPITALSTAY","CHILDBIRTH","DAY","A","2008",3.8,
"GRC","HOSPITALSTAY","CHILDBIRTH","DAY","A","2009",3.7,
"GRC","HOSPITALSTAY","CHILDBIRTH","DAY","A","2010",3.6,
"GRC","HOSPITALSTAY","CHILDBIRTH","DAY","A","2011",4,
"GRC","HOSPITALSTAY","CHILDBIRTH","DAY","A","2012",3,
"HUN","HOSPITALSTAY","ACUTE","DAY","A","1960",11.3,
"HUN","HOSPITALSTAY","ACUTE","DAY","A","1961",11.2,
"HUN","HOSPITALSTAY","ACUTE","DAY","A","1962",11.2,
"HUN","HOSPITALSTAY","ACUTE","DAY","A","1963",11.2,
"HUN","HOSPITALSTAY","ACUTE","DAY","A","1964",11.1,
"HUN","HOSPITALSTAY","ACUTE","DAY","A","1965",11.2,
"HUN","HOSPITALSTAY","ACUTE","DAY","A","1966",12.2,
"HUN","HOSPITALSTAY","ACUTE","DAY","A","1967",11.3,
"HUN","HOSPITALSTAY","ACUTE","DAY","A","1968",11.2,
"HUN","HOSPITALSTAY","ACUTE","DAY","A","1969",11.1,
"HUN","HOSPITALSTAY","ACUTE","DAY","A","1970",11.2,
"HUN","HOSPITALSTAY","ACUTE","DAY","A","1971",11.2,
"HUN","HOSPITALSTAY","ACUTE","DAY","A","1972",11.2,
"HUN","HOSPITALSTAY","ACUTE","DAY","A","1973",11.1,
"HUN","HOSPITALSTAY","ACUTE","DAY","A","1974",11.3,
"HUN","HOSPITALSTAY","ACUTE","DAY","A","1975",11.3,
"HUN","HOSPITALSTAY","ACUTE","DAY","A","1976",11.4,
"HUN","HOSPITALSTAY","ACUTE","DAY","A","1977",11.4,
"HUN","HOSPITALSTAY","ACUTE","DAY","A","1978",11.4,
"HUN","HOSPITALSTAY","ACUTE","DAY","A","1979",11.2,
"HUN","HOSPITALSTAY","ACUTE","DAY","A","1980",11.2,
"HUN","HOSPITALSTAY","ACUTE","DAY","A","1981",11.1,
"HUN","HOSPITALSTAY","ACUTE","DAY","A","1982",11.2,
"HUN","HOSPITALSTAY","ACUTE","DAY","A","1983",10.9,
"HUN","HOSPITALSTAY","ACUTE","DAY","A","1984",10.9,
"HUN","HOSPITALSTAY","ACUTE","DAY","A","1985",10.6,
"HUN","HOSPITALSTAY","ACUTE","DAY","A","1986",10.4,
"HUN","HOSPITALSTAY","ACUTE","DAY","A","1987",10.3,
"HUN","HOSPITALSTAY","ACUTE","DAY","A","1988",10,
"HUN","HOSPITALSTAY","ACUTE","DAY","A","1989",9.9,
"HUN","HOSPITALSTAY","ACUTE","DAY","A","1990",9.9,
"HUN","HOSPITALSTAY","ACUTE","DAY","A","1991",9.7,
"HUN","HOSPITALSTAY","ACUTE","DAY","A","1992",9.5,
"HUN","HOSPITALSTAY","ACUTE","DAY","A","1993",9.5,
"HUN","HOSPITALSTAY","ACUTE","DAY","A","1994",9.8,
"HUN","HOSPITALSTAY","ACUTE","DAY","A","1995",9.2,
"HUN","HOSPITALSTAY","ACUTE","DAY","A","1996",8.6,
"HUN","HOSPITALSTAY","ACUTE","DAY","A","1997",8.2,
"HUN","HOSPITALSTAY","ACUTE","DAY","A","1998",7.8,
"HUN","HOSPITALSTAY","ACUTE","DAY","A","1999",7.5,
"HUN","HOSPITALSTAY","ACUTE","DAY","A","2000",7.1,
"HUN","HOSPITALSTAY","ACUTE","DAY","A","2001",7,
"HUN","HOSPITALSTAY","ACUTE","DAY","A","2002",6.9,
"HUN","HOSPITALSTAY","ACUTE","DAY","A","2003",6.7,
"HUN","HOSPITALSTAY","ACUTE","DAY","A","2004",6.7,"B"
"HUN","HOSPITALSTAY","ACUTE","DAY","A","2005",6.5,
"HUN","HOSPITALSTAY","ACUTE","DAY","A","2006",6.3,
"HUN","HOSPITALSTAY","ACUTE","DAY","A","2007",6,
"HUN","HOSPITALSTAY","ACUTE","DAY","A","2008",5.9,
"HUN","HOSPITALSTAY","ACUTE","DAY","A","2009",5.8,
"HUN","HOSPITALSTAY","ACUTE","DAY","A","2010",5.8,
"HUN","HOSPITALSTAY","ACUTE","DAY","A","2011",5.8,
"HUN","HOSPITALSTAY","ACUTE","DAY","A","2012",5.7,
"HUN","HOSPITALSTAY","ACUTE","DAY","A","2013",5.7,
"HUN","HOSPITALSTAY","ACUTE","DAY","A","2014",5.7,
"HUN","HOSPITALSTAY","ACUTE","DAY","A","2015",5.6,
"HUN","HOSPITALSTAY","CHILDBIRTH","DAY","A","2004",6.3,
"HUN","HOSPITALSTAY","CHILDBIRTH","DAY","A","2005",6.2,
"HUN","HOSPITALSTAY","CHILDBIRTH","DAY","A","2006",6,
"HUN","HOSPITALSTAY","CHILDBIRTH","DAY","A","2007",5.4,
"HUN","HOSPITALSTAY","CHILDBIRTH","DAY","A","2008",5.2,
"HUN","HOSPITALSTAY","CHILDBIRTH","DAY","A","2009",5.2,
"HUN","HOSPITALSTAY","CHILDBIRTH","DAY","A","2010",5.1,
"HUN","HOSPITALSTAY","CHILDBIRTH","DAY","A","2011",5.2,
"HUN","HOSPITALSTAY","CHILDBIRTH","DAY","A","2012",5,
"HUN","HOSPITALSTAY","CHILDBIRTH","DAY","A","2013",5,
"HUN","HOSPITALSTAY","CHILDBIRTH","DAY","A","2014",5,
"HUN","HOSPITALSTAY","CHILDBIRTH","DAY","A","2015",5,
"ISL","HOSPITALSTAY","CHILDBIRTH","DAY","A","2000",2.6,
"ISL","HOSPITALSTAY","CHILDBIRTH","DAY","A","2001",2.4,
"ISL","HOSPITALSTAY","CHILDBIRTH","DAY","A","2002",2.2,
"ISL","HOSPITALSTAY","CHILDBIRTH","DAY","A","2003",2.3,
"ISL","HOSPITALSTAY","CHILDBIRTH","DAY","A","2004",2.3,
"ISL","HOSPITALSTAY","CHILDBIRTH","DAY","A","2005",2.1,
"ISL","HOSPITALSTAY","CHILDBIRTH","DAY","A","2006",2.2,
"ISL","HOSPITALSTAY","CHILDBIRTH","DAY","A","2007",2,
"ISL","HOSPITALSTAY","CHILDBIRTH","DAY","A","2008",2,
"ISL","HOSPITALSTAY","CHILDBIRTH","DAY","A","2009",1.8,
"ISL","HOSPITALSTAY","CHILDBIRTH","DAY","A","2011",1.5,
"ISL","HOSPITALSTAY","CHILDBIRTH","DAY","A","2012",1.6,
"ISL","HOSPITALSTAY","CHILDBIRTH","DAY","A","2013",1.6,
"ISL","HOSPITALSTAY","CHILDBIRTH","DAY","A","2014",1.7,
"IRL","HOSPITALSTAY","ACUTE","DAY","A","1980",8.5,
"IRL","HOSPITALSTAY","ACUTE","DAY","A","1981",8.2,
"IRL","HOSPITALSTAY","ACUTE","DAY","A","1982",8,
"IRL","HOSPITALSTAY","ACUTE","DAY","A","1983",7.8,
"IRL","HOSPITALSTAY","ACUTE","DAY","A","1984",7.6,
"IRL","HOSPITALSTAY","ACUTE","DAY","A","1985",7.4,
"IRL","HOSPITALSTAY","ACUTE","DAY","A","1986",7.2,
"IRL","HOSPITALSTAY","ACUTE","DAY","A","1987",6.9,"B"
"IRL","HOSPITALSTAY","ACUTE","DAY","A","1988",6.9,
"IRL","HOSPITALSTAY","ACUTE","DAY","A","1989",6.7,
"IRL","HOSPITALSTAY","ACUTE","DAY","A","1990",6.7,
"IRL","HOSPITALSTAY","ACUTE","DAY","A","1991",6.7,
"IRL","HOSPITALSTAY","ACUTE","DAY","A","1992",6.8,
"IRL","HOSPITALSTAY","ACUTE","DAY","A","1993",6.7,
"IRL","HOSPITALSTAY","ACUTE","DAY","A","1994",6.7,
"IRL","HOSPITALSTAY","ACUTE","DAY","A","1995",6.6,
"IRL","HOSPITALSTAY","ACUTE","DAY","A","1996",6.5,
"IRL","HOSPITALSTAY","ACUTE","DAY","A","1997",6.5,"B"
"IRL","HOSPITALSTAY","ACUTE","DAY","A","1998",6.5,
"IRL","HOSPITALSTAY","ACUTE","DAY","A","1999",6.5,
"IRL","HOSPITALSTAY","ACUTE","DAY","A","2000",6.4,
"IRL","HOSPITALSTAY","ACUTE","DAY","A","2001",6.5,
"IRL","HOSPITALSTAY","ACUTE","DAY","A","2002",6.5,
"IRL","HOSPITALSTAY","ACUTE","DAY","A","2003",6.5,
"IRL","HOSPITALSTAY","ACUTE","DAY","A","2004",6.4,
"IRL","HOSPITALSTAY","ACUTE","DAY","A","2005",6.5,
"IRL","HOSPITALSTAY","ACUTE","DAY","A","2006",6.3,
"IRL","HOSPITALSTAY","ACUTE","DAY","A","2007",6.1,
"IRL","HOSPITALSTAY","ACUTE","DAY","A","2008",6.2,
"IRL","HOSPITALSTAY","ACUTE","DAY","A","2009",6.1,
"IRL","HOSPITALSTAY","ACUTE","DAY","A","2010",6,
"IRL","HOSPITALSTAY","ACUTE","DAY","A","2011",5.9,
"IRL","HOSPITALSTAY","ACUTE","DAY","A","2012",5.9,"B"
"IRL","HOSPITALSTAY","ACUTE","DAY","A","2013",5.7,
"IRL","HOSPITALSTAY","ACUTE","DAY","A","2014",5.6,
"IRL","HOSPITALSTAY","ACUTE","DAY","A","2015",6.1,
"IRL","HOSPITALSTAY","CHILDBIRTH","DAY","A","2000",3.1,
"IRL","HOSPITALSTAY","CHILDBIRTH","DAY","A","2001",2.9,
"IRL","HOSPITALSTAY","CHILDBIRTH","DAY","A","2002",2.7,
"IRL","HOSPITALSTAY","CHILDBIRTH","DAY","A","2003",2.6,
"IRL","HOSPITALSTAY","CHILDBIRTH","DAY","A","2004",2.4,
"IRL","HOSPITALSTAY","CHILDBIRTH","DAY","A","2005",2.5,
"IRL","HOSPITALSTAY","CHILDBIRTH","DAY","A","2006",2.4,
"IRL","HOSPITALSTAY","CHILDBIRTH","DAY","A","2007",2.2,
"IRL","HOSPITALSTAY","CHILDBIRTH","DAY","A","2008",2.1,
"IRL","HOSPITALSTAY","CHILDBIRTH","DAY","A","2009",2.1,
"IRL","HOSPITALSTAY","CHILDBIRTH","DAY","A","2010",2,
"IRL","HOSPITALSTAY","CHILDBIRTH","DAY","A","2011",2,
"IRL","HOSPITALSTAY","CHILDBIRTH","DAY","A","2012",2,
"IRL","HOSPITALSTAY","CHILDBIRTH","DAY","A","2013",2,
"IRL","HOSPITALSTAY","CHILDBIRTH","DAY","A","2014",1.9,
"IRL","HOSPITALSTAY","CHILDBIRTH","DAY","A","2015",2.4,
"ITA","HOSPITALSTAY","ACUTE","DAY","A","1991",9.5,
"ITA","HOSPITALSTAY","ACUTE","DAY","A","1992",9.3,
"ITA","HOSPITALSTAY","ACUTE","DAY","A","1993",9.2,
"ITA","HOSPITALSTAY","ACUTE","DAY","A","1994",9,
"ITA","HOSPITALSTAY","ACUTE","DAY","A","1995",8.4,
"ITA","HOSPITALSTAY","ACUTE","DAY","A","1996",8,"B"
"ITA","HOSPITALSTAY","ACUTE","DAY","A","1997",7.3,
"ITA","HOSPITALSTAY","ACUTE","DAY","A","1998",7.2,
"ITA","HOSPITALSTAY","ACUTE","DAY","A","1999",7,
"ITA","HOSPITALSTAY","ACUTE","DAY","A","2000",7,
"ITA","HOSPITALSTAY","ACUTE","DAY","A","2001",6.8,
"ITA","HOSPITALSTAY","ACUTE","DAY","A","2002",6.7,
"ITA","HOSPITALSTAY","ACUTE","DAY","A","2003",6.7,
"ITA","HOSPITALSTAY","ACUTE","DAY","A","2004",6.7,
"ITA","HOSPITALSTAY","ACUTE","DAY","A","2005",6.7,
"ITA","HOSPITALSTAY","ACUTE","DAY","A","2006",6.7,
"ITA","HOSPITALSTAY","ACUTE","DAY","A","2007",6.7,
"ITA","HOSPITALSTAY","ACUTE","DAY","A","2008",6.8,
"ITA","HOSPITALSTAY","ACUTE","DAY","A","2009",6.7,
"ITA","HOSPITALSTAY","ACUTE","DAY","A","2010",6.7,
"ITA","HOSPITALSTAY","ACUTE","DAY","A","2011",6.8,
"ITA","HOSPITALSTAY","ACUTE","DAY","A","2012",6.8,
"ITA","HOSPITALSTAY","ACUTE","DAY","A","2013",6.8,
"ITA","HOSPITALSTAY","ACUTE","DAY","A","2014",6.8,
"ITA","HOSPITALSTAY","ACUTE","DAY","A","2015",6.9,
"ITA","HOSPITALSTAY","ACUTE","DAY","A","2016",6.9,"P"
"ITA","HOSPITALSTAY","CHILDBIRTH","DAY","A","1971",7,
"ITA","HOSPITALSTAY","CHILDBIRTH","DAY","A","1972",7.1,
"ITA","HOSPITALSTAY","CHILDBIRTH","DAY","A","1974",7,
"ITA","HOSPITALSTAY","CHILDBIRTH","DAY","A","1975",7,
"ITA","HOSPITALSTAY","CHILDBIRTH","DAY","A","1976",7.1,
"ITA","HOSPITALSTAY","CHILDBIRTH","DAY","A","1978",6.9,
"ITA","HOSPITALSTAY","CHILDBIRTH","DAY","A","2001",4,
"ITA","HOSPITALSTAY","CHILDBIRTH","DAY","A","2002",3.7,
"ITA","HOSPITALSTAY","CHILDBIRTH","DAY","A","2003",3.7,
"ITA","HOSPITALSTAY","CHILDBIRTH","DAY","A","2004",3.6,
"ITA","HOSPITALSTAY","CHILDBIRTH","DAY","A","2005",3.6,
"ITA","HOSPITALSTAY","CHILDBIRTH","DAY","A","2006",3.5,
"ITA","HOSPITALSTAY","CHILDBIRTH","DAY","A","2007",3.5,
"ITA","HOSPITALSTAY","CHILDBIRTH","DAY","A","2008",3.5,
"ITA","HOSPITALSTAY","CHILDBIRTH","DAY","A","2009",3.5,
"ITA","HOSPITALSTAY","CHILDBIRTH","DAY","A","2010",3.4,
"ITA","HOSPITALSTAY","CHILDBIRTH","DAY","A","2011",3.4,
"ITA","HOSPITALSTAY","CHILDBIRTH","DAY","A","2012",3.4,
"ITA","HOSPITALSTAY","CHILDBIRTH","DAY","A","2013",3.4,
"ITA","HOSPITALSTAY","CHILDBIRTH","DAY","A","2014",3.4,
"ITA","HOSPITALSTAY","CHILDBIRTH","DAY","A","2015",3.4,
"JPN","HOSPITALSTAY","ACUTE","DAY","A","1994",34.4,
"JPN","HOSPITALSTAY","ACUTE","DAY","A","1995",33.2,
"JPN","HOSPITALSTAY","ACUTE","DAY","A","1996",32.7,
"JPN","HOSPITALSTAY","ACUTE","DAY","A","1997",31.4,
"JPN","HOSPITALSTAY","ACUTE","DAY","A","1998",29.3,
"JPN","HOSPITALSTAY","ACUTE","DAY","A","1999",27.2,
"JPN","HOSPITALSTAY","ACUTE","DAY","A","2000",24.8,
"JPN","HOSPITALSTAY","ACUTE","DAY","A","2001",23.5,
"JPN","HOSPITALSTAY","ACUTE","DAY","A","2002",22.2,
"JPN","HOSPITALSTAY","ACUTE","DAY","A","2003",20.7,
"JPN","HOSPITALSTAY","ACUTE","DAY","A","2004",20.3,
"JPN","HOSPITALSTAY","ACUTE","DAY","A","2005",19.8,
"JPN","HOSPITALSTAY","ACUTE","DAY","A","2006",19.2,
"JPN","HOSPITALSTAY","ACUTE","DAY","A","2007",19,
"JPN","HOSPITALSTAY","ACUTE","DAY","A","2008",18.8,
"JPN","HOSPITALSTAY","ACUTE","DAY","A","2009",18.5,
"JPN","HOSPITALSTAY","ACUTE","DAY","A","2010",18.2,
"JPN","HOSPITALSTAY","ACUTE","DAY","A","2011",17.9,
"JPN","HOSPITALSTAY","ACUTE","DAY","A","2012",17.5,
"JPN","HOSPITALSTAY","ACUTE","DAY","A","2013",17.2,
"JPN","HOSPITALSTAY","ACUTE","DAY","A","2014",16.9,"B"
"JPN","HOSPITALSTAY","ACUTE","DAY","A","2015",16.5,
"KOR","HOSPITALSTAY","ACUTE","DAY","A","1980",10,
"KOR","HOSPITALSTAY","ACUTE","DAY","A","1981",10,
"KOR","HOSPITALSTAY","ACUTE","DAY","A","1982",10,
"KOR","HOSPITALSTAY","ACUTE","DAY","A","1983",10,
"KOR","HOSPITALSTAY","ACUTE","DAY","A","1984",10,
"KOR","HOSPITALSTAY","ACUTE","DAY","A","1985",11,
"KOR","HOSPITALSTAY","ACUTE","DAY","A","1986",11,
"KOR","HOSPITALSTAY","ACUTE","DAY","A","1987",10,
"KOR","HOSPITALSTAY","ACUTE","DAY","A","1988",11,
"KOR","HOSPITALSTAY","ACUTE","DAY","A","1989",11,
"KOR","HOSPITALSTAY","ACUTE","DAY","A","1990",12,
"KOR","HOSPITALSTAY","ACUTE","DAY","A","1991",11,
"KOR","HOSPITALSTAY","ACUTE","DAY","A","1992",11,
"KOR","HOSPITALSTAY","ACUTE","DAY","A","1993",11,
"KOR","HOSPITALSTAY","ACUTE","DAY","A","1994",11,
"KOR","HOSPITALSTAY","ACUTE","DAY","A","1995",11,
"KOR","HOSPITALSTAY","ACUTE","DAY","A","1996",11,
"KOR","HOSPITALSTAY","ACUTE","DAY","A","1997",11,
"KOR","HOSPITALSTAY","ACUTE","DAY","A","1998",11,
"KOR","HOSPITALSTAY","ACUTE","DAY","A","1999",10,
"KOR","HOSPITALSTAY","ACUTE","DAY","A","2000",11,
"KOR","HOSPITALSTAY","ACUTE","DAY","A","2001",11,
"KOR","HOSPITALSTAY","ACUTE","DAY","A","2002",11,
"KOR","HOSPITALSTAY","ACUTE","DAY","A","2003",10.6,
"KOR","HOSPITALSTAY","ACUTE","DAY","A","2010",10,
"KOR","HOSPITALSTAY","ACUTE","DAY","A","2011",10.1,
"KOR","HOSPITALSTAY","ACUTE","DAY","A","2012",9.2,
"KOR","HOSPITALSTAY","ACUTE","DAY","A","2013",8.9,
"KOR","HOSPITALSTAY","ACUTE","DAY","A","2014",8.3,
"KOR","HOSPITALSTAY","ACUTE","DAY","A","2015",8,
"KOR","HOSPITALSTAY","CHILDBIRTH","DAY","A","1996",2.8,
"KOR","HOSPITALSTAY","CHILDBIRTH","DAY","A","1999",2.4,
"KOR","HOSPITALSTAY","CHILDBIRTH","DAY","A","2002",2.5,
"KOR","HOSPITALSTAY","CHILDBIRTH","DAY","A","2005",3.1,
"KOR","HOSPITALSTAY","CHILDBIRTH","DAY","A","2008",3,
"KOR","HOSPITALSTAY","CHILDBIRTH","DAY","A","2009",2.5,
"KOR","HOSPITALSTAY","CHILDBIRTH","DAY","A","2010",2.5,
"KOR","HOSPITALSTAY","CHILDBIRTH","DAY","A","2011",2.6,
"KOR","HOSPITALSTAY","CHILDBIRTH","DAY","A","2012",2.4,
"KOR","HOSPITALSTAY","CHILDBIRTH","DAY","A","2013",2.5,
"KOR","HOSPITALSTAY","CHILDBIRTH","DAY","A","2014",2.5,
"KOR","HOSPITALSTAY","CHILDBIRTH","DAY","A","2015",2.4,
"LUX","HOSPITALSTAY","ACUTE","DAY","A","2002",7.5,
"LUX","HOSPITALSTAY","ACUTE","DAY","A","2003",7.4,
"LUX","HOSPITALSTAY","ACUTE","DAY","A","2004",7.2,
"LUX","HOSPITALSTAY","ACUTE","DAY","A","2005",7.2,
"LUX","HOSPITALSTAY","ACUTE","DAY","A","2006",7.4,
"LUX","HOSPITALSTAY","ACUTE","DAY","A","2007",7.5,
"LUX","HOSPITALSTAY","ACUTE","DAY","A","2008",7.4,
"LUX","HOSPITALSTAY","ACUTE","DAY","A","2009",7.5,
"LUX","HOSPITALSTAY","ACUTE","DAY","A","2010",7.6,
"LUX","HOSPITALSTAY","ACUTE","DAY","A","2011",7.3,
"LUX","HOSPITALSTAY","ACUTE","DAY","A","2012",7.4,
"LUX","HOSPITALSTAY","ACUTE","DAY","A","2013",7.4,
"LUX","HOSPITALSTAY","ACUTE","DAY","A","2014",7.3,"E"
"LUX","HOSPITALSTAY","ACUTE","DAY","A","2015",7.5,"E"
"LUX","HOSPITALSTAY","CHILDBIRTH","DAY","A","1998",4.5,
"LUX","HOSPITALSTAY","CHILDBIRTH","DAY","A","1999",4.4,
"LUX","HOSPITALSTAY","CHILDBIRTH","DAY","A","2000",4.4,
"LUX","HOSPITALSTAY","CHILDBIRTH","DAY","A","2001",4.3,
"LUX","HOSPITALSTAY","CHILDBIRTH","DAY","A","2002",4.2,
"LUX","HOSPITALSTAY","CHILDBIRTH","DAY","A","2003",4.2,
"LUX","HOSPITALSTAY","CHILDBIRTH","DAY","A","2004",4.1,
"LUX","HOSPITALSTAY","CHILDBIRTH","DAY","A","2005",4.2,
"LUX","HOSPITALSTAY","CHILDBIRTH","DAY","A","2006",4.1,
"LUX","HOSPITALSTAY","CHILDBIRTH","DAY","A","2007",4.1,
"LUX","HOSPITALSTAY","CHILDBIRTH","DAY","A","2008",4.2,
"LUX","HOSPITALSTAY","CHILDBIRTH","DAY","A","2009",4,
"LUX","HOSPITALSTAY","CHILDBIRTH","DAY","A","2010",4.1,
"LUX","HOSPITALSTAY","CHILDBIRTH","DAY","A","2011",4,
"LUX","HOSPITALSTAY","CHILDBIRTH","DAY","A","2012",4.1,
"LUX","HOSPITALSTAY","CHILDBIRTH","DAY","A","2013",4,
"LUX","HOSPITALSTAY","CHILDBIRTH","DAY","A","2014",4,
"LUX","HOSPITALSTAY","CHILDBIRTH","DAY","A","2015",4,
"MEX","HOSPITALSTAY","CHILDBIRTH","DAY","A","1995",1.3,
"MEX","HOSPITALSTAY","CHILDBIRTH","DAY","A","1996",1.3,
"MEX","HOSPITALSTAY","CHILDBIRTH","DAY","A","1997",1.3,
"MEX","HOSPITALSTAY","CHILDBIRTH","DAY","A","1998",1.3,
"MEX","HOSPITALSTAY","CHILDBIRTH","DAY","A","1999",1.3,
"MEX","HOSPITALSTAY","CHILDBIRTH","DAY","A","2000",1.3,
"MEX","HOSPITALSTAY","CHILDBIRTH","DAY","A","2001",1.3,
"MEX","HOSPITALSTAY","CHILDBIRTH","DAY","A","2002",1.3,
"MEX","HOSPITALSTAY","CHILDBIRTH","DAY","A","2003",1.4,
"MEX","HOSPITALSTAY","CHILDBIRTH","DAY","A","2004",1.3,
"MEX","HOSPITALSTAY","CHILDBIRTH","DAY","A","2005",1.3,
"MEX","HOSPITALSTAY","CHILDBIRTH","DAY","A","2006",1.3,
"MEX","HOSPITALSTAY","CHILDBIRTH","DAY","A","2007",1.4,
"MEX","HOSPITALSTAY","CHILDBIRTH","DAY","A","2008",1.3,
"MEX","HOSPITALSTAY","CHILDBIRTH","DAY","A","2009",1.4,
"MEX","HOSPITALSTAY","CHILDBIRTH","DAY","A","2010",1.3,
"MEX","HOSPITALSTAY","CHILDBIRTH","DAY","A","2011",1.3,
"MEX","HOSPITALSTAY","CHILDBIRTH","DAY","A","2012",1.3,
"MEX","HOSPITALSTAY","CHILDBIRTH","DAY","A","2013",1.3,
"MEX","HOSPITALSTAY","CHILDBIRTH","DAY","A","2014",1,
"MEX","HOSPITALSTAY","CHILDBIRTH","DAY","A","2015",1.1,
"NLD","HOSPITALSTAY","ACUTE","DAY","A","1960",20.1,
"NLD","HOSPITALSTAY","ACUTE","DAY","A","1961",20,
"NLD","HOSPITALSTAY","ACUTE","DAY","A","1962",19.9,
"NLD","HOSPITALSTAY","ACUTE","DAY","A","1963",19.8,
"NLD","HOSPITALSTAY","ACUTE","DAY","A","1964",19.4,
"NLD","HOSPITALSTAY","ACUTE","DAY","A","1965",20.4,
"NLD","HOSPITALSTAY","ACUTE","DAY","A","1966",20.6,
"NLD","HOSPITALSTAY","ACUTE","DAY","A","1967",20.1,
"NLD","HOSPITALSTAY","ACUTE","DAY","A","1968",19.7,
"NLD","HOSPITALSTAY","ACUTE","DAY","A","1969",19.3,
"NLD","HOSPITALSTAY","ACUTE","DAY","A","1970",18.8,
"NLD","HOSPITALSTAY","ACUTE","DAY","A","1971",18.2,
"NLD","HOSPITALSTAY","ACUTE","DAY","A","1972",17.7,
"NLD","HOSPITALSTAY","ACUTE","DAY","A","1973",17.1,
"NLD","HOSPITALSTAY","ACUTE","DAY","A","1974",16.6,
"NLD","HOSPITALSTAY","ACUTE","DAY","A","1975",16.1,
"NLD","HOSPITALSTAY","ACUTE","DAY","A","1976",15.4,
"NLD","HOSPITALSTAY","ACUTE","DAY","A","1977",15.2,
"NLD","HOSPITALSTAY","ACUTE","DAY","A","1978",14.8,
"NLD","HOSPITALSTAY","ACUTE","DAY","A","1979",14.4,
"NLD","HOSPITALSTAY","ACUTE","DAY","A","1980",14,
"NLD","HOSPITALSTAY","ACUTE","DAY","A","1981",13.7,
"NLD","HOSPITALSTAY","ACUTE","DAY","A","1982",13.3,
"NLD","HOSPITALSTAY","ACUTE","DAY","A","1983",13,
"NLD","HOSPITALSTAY","ACUTE","DAY","A","1984",12.8,
"NLD","HOSPITALSTAY","ACUTE","DAY","A","1985",12.5,
"NLD","HOSPITALSTAY","ACUTE","DAY","A","1986",12.3,
"NLD","HOSPITALSTAY","ACUTE","DAY","A","1987",12.1,
"NLD","HOSPITALSTAY","ACUTE","DAY","A","1988",11.9,
"NLD","HOSPITALSTAY","ACUTE","DAY","A","1989",11.5,
"NLD","HOSPITALSTAY","ACUTE","DAY","A","1990",11.2,
"NLD","HOSPITALSTAY","ACUTE","DAY","A","1991",10.9,
"NLD","HOSPITALSTAY","ACUTE","DAY","A","1992",10.6,
"NLD","HOSPITALSTAY","ACUTE","DAY","A","1993",10.4,
"NLD","HOSPITALSTAY","ACUTE","DAY","A","1994",10.1,
"NLD","HOSPITALSTAY","ACUTE","DAY","A","1995",9.9,
"NLD","HOSPITALSTAY","ACUTE","DAY","A","1996",9.8,
"NLD","HOSPITALSTAY","ACUTE","DAY","A","1997",9.6,
"NLD","HOSPITALSTAY","ACUTE","DAY","A","1998",9.5,
"NLD","HOSPITALSTAY","ACUTE","DAY","A","1999",9.2,
"NLD","HOSPITALSTAY","ACUTE","DAY","A","2000",9,
"NLD","HOSPITALSTAY","ACUTE","DAY","A","2001",8.6,
"NLD","HOSPITALSTAY","ACUTE","DAY","A","2002",8.4,
"NLD","HOSPITALSTAY","ACUTE","DAY","A","2003",7.9,
"NLD","HOSPITALSTAY","ACUTE","DAY","A","2004",7.5,
"NLD","HOSPITALSTAY","ACUTE","DAY","A","2005",7.2,
"NLD","HOSPITALSTAY","ACUTE","DAY","A","2006",6.6,
"NLD","HOSPITALSTAY","ACUTE","DAY","A","2007",6.2,
"NLD","HOSPITALSTAY","ACUTE","DAY","A","2008",6,
"NLD","HOSPITALSTAY","ACUTE","DAY","A","2009",5.6,
"NLD","HOSPITALSTAY","ACUTE","DAY","A","2010",5.6,
"NLD","HOSPITALSTAY","ACUTE","DAY","A","2011",6.5,"B"
"NLD","HOSPITALSTAY","ACUTE","DAY","A","2012",6.4,
"NLD","HOSPITALSTAY","ACUTE","DAY","A","2013",6.7,
"NLD","HOSPITALSTAY","ACUTE","DAY","A","2014",6.7,
"NLD","HOSPITALSTAY","ACUTE","DAY","A","2015",6.2,
"NLD","HOSPITALSTAY","CHILDBIRTH","DAY","A","1981",5.9,
"NLD","HOSPITALSTAY","CHILDBIRTH","DAY","A","1982",5.4,
"NLD","HOSPITALSTAY","CHILDBIRTH","DAY","A","1983",5.1,
"NLD","HOSPITALSTAY","CHILDBIRTH","DAY","A","1984",5,
"NLD","HOSPITALSTAY","CHILDBIRTH","DAY","A","1985",4.7,
"NLD","HOSPITALSTAY","CHILDBIRTH","DAY","A","1986",4.4,
"NLD","HOSPITALSTAY","CHILDBIRTH","DAY","A","1987",4.2,
"NLD","HOSPITALSTAY","CHILDBIRTH","DAY","A","1988",4.2,
"NLD","HOSPITALSTAY","CHILDBIRTH","DAY","A","1989",4.1,
"NLD","HOSPITALSTAY","CHILDBIRTH","DAY","A","1990",3.7,
"NLD","HOSPITALSTAY","CHILDBIRTH","DAY","A","1991",3.9,
"NLD","HOSPITALSTAY","CHILDBIRTH","DAY","A","1992",3.9,
"NLD","HOSPITALSTAY","CHILDBIRTH","DAY","A","1993",3.7,
"NLD","HOSPITALSTAY","CHILDBIRTH","DAY","A","1994",3.3,
"NLD","HOSPITALSTAY","CHILDBIRTH","DAY","A","1995",3.2,
"NLD","HOSPITALSTAY","CHILDBIRTH","DAY","A","1996",3,
"NLD","HOSPITALSTAY","CHILDBIRTH","DAY","A","1997",2.9,
"NLD","HOSPITALSTAY","CHILDBIRTH","DAY","A","1998",2.7,
"NLD","HOSPITALSTAY","CHILDBIRTH","DAY","A","1999",2.6,
"NLD","HOSPITALSTAY","CHILDBIRTH","DAY","A","2000",2.7,
"NLD","HOSPITALSTAY","CHILDBIRTH","DAY","A","2001",2.6,
"NLD","HOSPITALSTAY","CHILDBIRTH","DAY","A","2002",2.5,
"NLD","HOSPITALSTAY","CHILDBIRTH","DAY","A","2003",2.3,
"NLD","HOSPITALSTAY","CHILDBIRTH","DAY","A","2004",2.3,
"NLD","HOSPITALSTAY","CHILDBIRTH","DAY","A","2005",2.2,
"NLD","HOSPITALSTAY","CHILDBIRTH","DAY","A","2006",2,
"NLD","HOSPITALSTAY","CHILDBIRTH","DAY","A","2007",2.1,
"NLD","HOSPITALSTAY","CHILDBIRTH","DAY","A","2008",2.1,
"NLD","HOSPITALSTAY","CHILDBIRTH","DAY","A","2009",1.9,
"NLD","HOSPITALSTAY","CHILDBIRTH","DAY","A","2010",2.1,
"NLD","HOSPITALSTAY","CHILDBIRTH","DAY","A","2011",2,
"NLD","HOSPITALSTAY","CHILDBIRTH","DAY","A","2012",1.9,
"NZL","HOSPITALSTAY","ACUTE","DAY","A","2000",4.3,
"NZL","HOSPITALSTAY","ACUTE","DAY","A","2001",4.5,
"NZL","HOSPITALSTAY","ACUTE","DAY","A","2002",4.6,
"NZL","HOSPITALSTAY","ACUTE","DAY","A","2003",5.2,"B"
"NZL","HOSPITALSTAY","ACUTE","DAY","A","2004",6.1,
"NZL","HOSPITALSTAY","ACUTE","DAY","A","2005",5.7,
"NZL","HOSPITALSTAY","ACUTE","DAY","A","2006",5.8,
"NZL","HOSPITALSTAY","ACUTE","DAY","A","2007",5.9,
"NZL","HOSPITALSTAY","ACUTE","DAY","A","2008",6.2,
"NZL","HOSPITALSTAY","ACUTE","DAY","A","2009",6.1,
"NZL","HOSPITALSTAY","ACUTE","DAY","A","2010",6,
"NZL","HOSPITALSTAY","ACUTE","DAY","A","2011",6,
"NZL","HOSPITALSTAY","ACUTE","DAY","A","2012",5.8,
"NZL","HOSPITALSTAY","ACUTE","DAY","A","2013",5.3,
"NZL","HOSPITALSTAY","ACUTE","DAY","A","2014",4.6,
"NZL","HOSPITALSTAY","CHILDBIRTH","DAY","A","1982",6.2,
"NZL","HOSPITALSTAY","CHILDBIRTH","DAY","A","1984",5.7,
"NZL","HOSPITALSTAY","CHILDBIRTH","DAY","A","1985",5.5,
"NZL","HOSPITALSTAY","CHILDBIRTH","DAY","A","1986",5.4,
"NZL","HOSPITALSTAY","CHILDBIRTH","DAY","A","1987",5.4,
"NZL","HOSPITALSTAY","CHILDBIRTH","DAY","A","1988",4.9,
"NZL","HOSPITALSTAY","CHILDBIRTH","DAY","A","1989",4.5,
"NZL","HOSPITALSTAY","CHILDBIRTH","DAY","A","1990",4.2,
"NZL","HOSPITALSTAY","CHILDBIRTH","DAY","A","1991",4,
"NZL","HOSPITALSTAY","CHILDBIRTH","DAY","A","1992",3.7,
"NZL","HOSPITALSTAY","CHILDBIRTH","DAY","A","1993",3.6,
"NZL","HOSPITALSTAY","CHILDBIRTH","DAY","A","1994",3.2,
"NZL","HOSPITALSTAY","CHILDBIRTH","DAY","A","1995",2.8,
"NZL","HOSPITALSTAY","CHILDBIRTH","DAY","A","1996",2.5,
"NZL","HOSPITALSTAY","CHILDBIRTH","DAY","A","1997",2.3,
"NZL","HOSPITALSTAY","CHILDBIRTH","DAY","A","1998",2.2,
"NZL","HOSPITALSTAY","CHILDBIRTH","DAY","A","1999",2.1,
"NZL","HOSPITALSTAY","CHILDBIRTH","DAY","A","2000",2.1,
"NZL","HOSPITALSTAY","CHILDBIRTH","DAY","A","2001",2.2,
"NZL","HOSPITALSTAY","CHILDBIRTH","DAY","A","2002",2.2,
"NZL","HOSPITALSTAY","CHILDBIRTH","DAY","A","2003",2.1,
"NZL","HOSPITALSTAY","CHILDBIRTH","DAY","A","2004",2,
"NZL","HOSPITALSTAY","CHILDBIRTH","DAY","A","2005",2.1,
"NZL","HOSPITALSTAY","CHILDBIRTH","DAY","A","2006",2,
"NZL","HOSPITALSTAY","CHILDBIRTH","DAY","A","2007",2.1,
"NZL","HOSPITALSTAY","CHILDBIRTH","DAY","A","2008",2.1,
"NZL","HOSPITALSTAY","CHILDBIRTH","DAY","A","2009",1.9,
"NZL","HOSPITALSTAY","CHILDBIRTH","DAY","A","2010",2,
"NZL","HOSPITALSTAY","CHILDBIRTH","DAY","A","2011",1.8,
"NZL","HOSPITALSTAY","CHILDBIRTH","DAY","A","2012",1.8,
"NZL","HOSPITALSTAY","CHILDBIRTH","DAY","A","2013",1.8,
"NZL","HOSPITALSTAY","CHILDBIRTH","DAY","A","2014",2.1,
"NOR","HOSPITALSTAY","ACUTE","DAY","A","1970",14.8,
"NOR","HOSPITALSTAY","ACUTE","DAY","A","1975",12.2,
"NOR","HOSPITALSTAY","ACUTE","DAY","A","1980",10.9,
"NOR","HOSPITALSTAY","ACUTE","DAY","A","1981",10.6,
"NOR","HOSPITALSTAY","ACUTE","DAY","A","1982",10.3,
"NOR","HOSPITALSTAY","ACUTE","DAY","A","1983",10.1,
"NOR","HOSPITALSTAY","ACUTE","DAY","A","1984",9.8,
"NOR","HOSPITALSTAY","ACUTE","DAY","A","1985",9.6,
"NOR","HOSPITALSTAY","ACUTE","DAY","A","1986",9.2,
"NOR","HOSPITALSTAY","ACUTE","DAY","A","1987",9.1,
"NOR","HOSPITALSTAY","ACUTE","DAY","A","1988",8.5,
"NOR","HOSPITALSTAY","ACUTE","DAY","A","1989",7.8,
"NOR","HOSPITALSTAY","ACUTE","DAY","A","1990",7.8,
"NOR","HOSPITALSTAY","ACUTE","DAY","A","1991",7.4,
"NOR","HOSPITALSTAY","ACUTE","DAY","A","1992",6.9,
"NOR","HOSPITALSTAY","ACUTE","DAY","A","1993",6.8,
"NOR","HOSPITALSTAY","ACUTE","DAY","A","1994",6.6,
"NOR","HOSPITALSTAY","ACUTE","DAY","A","1995",6.5,
"NOR","HOSPITALSTAY","ACUTE","DAY","A","1996",6.3,
"NOR","HOSPITALSTAY","ACUTE","DAY","A","1997",6.4,
"NOR","HOSPITALSTAY","ACUTE","DAY","A","1998",6.2,
"NOR","HOSPITALSTAY","ACUTE","DAY","A","1999",6.1,
"NOR","HOSPITALSTAY","ACUTE","DAY","A","2000",6,
"NOR","HOSPITALSTAY","ACUTE","DAY","A","2001",5.8,
"NOR","HOSPITALSTAY","ACUTE","DAY","A","2002",5.7,
"NOR","HOSPITALSTAY","ACUTE","DAY","A","2003",5.4,
"NOR","HOSPITALSTAY","ACUTE","DAY","A","2004",5.2,
"NOR","HOSPITALSTAY","ACUTE","DAY","A","2005",5.2,
"NOR","HOSPITALSTAY","ACUTE","DAY","A","2006",5,
"NOR","HOSPITALSTAY","ACUTE","DAY","A","2007",5,
"NOR","HOSPITALSTAY","ACUTE","DAY","A","2008",4.8,
"NOR","HOSPITALSTAY","ACUTE","DAY","A","2009",6.4,"B"
"NOR","HOSPITALSTAY","ACUTE","DAY","A","2010",6.3,
"NOR","HOSPITALSTAY","ACUTE","DAY","A","2011",6.1,
"NOR","HOSPITALSTAY","ACUTE","DAY","A","2012",5.8,
"NOR","HOSPITALSTAY","ACUTE","DAY","A","2013",5.5,
"NOR","HOSPITALSTAY","ACUTE","DAY","A","2014",5.5,
"NOR","HOSPITALSTAY","ACUTE","DAY","A","2015",6.2,"B"
"NOR","HOSPITALSTAY","CHILDBIRTH","DAY","A","1990",5.3,
"NOR","HOSPITALSTAY","CHILDBIRTH","DAY","A","1991",5.2,
"NOR","HOSPITALSTAY","CHILDBIRTH","DAY","A","1992",5.1,
"NOR","HOSPITALSTAY","CHILDBIRTH","DAY","A","1993",4.8,
"NOR","HOSPITALSTAY","CHILDBIRTH","DAY","A","1994",4.7,
"NOR","HOSPITALSTAY","CHILDBIRTH","DAY","A","1995",4.4,
"NOR","HOSPITALSTAY","CHILDBIRTH","DAY","A","1996",4.4,
"NOR","HOSPITALSTAY","CHILDBIRTH","DAY","A","1997",4.2,
"NOR","HOSPITALSTAY","CHILDBIRTH","DAY","A","1998",4.2,
"NOR","HOSPITALSTAY","CHILDBIRTH","DAY","A","1999",4.1,
"NOR","HOSPITALSTAY","CHILDBIRTH","DAY","A","2000",4,
"NOR","HOSPITALSTAY","CHILDBIRTH","DAY","A","2001",3.9,
"NOR","HOSPITALSTAY","CHILDBIRTH","DAY","A","2002",3.9,
"NOR","HOSPITALSTAY","CHILDBIRTH","DAY","A","2003",3.7,
"NOR","HOSPITALSTAY","CHILDBIRTH","DAY","A","2004",3.5,
"NOR","HOSPITALSTAY","CHILDBIRTH","DAY","A","2005",3.4,
"NOR","HOSPITALSTAY","CHILDBIRTH","DAY","A","2006",3.2,
"NOR","HOSPITALSTAY","CHILDBIRTH","DAY","A","2007",3.2,
"NOR","HOSPITALSTAY","CHILDBIRTH","DAY","A","2008",3.2,
"NOR","HOSPITALSTAY","CHILDBIRTH","DAY","A","2009",3.1,
"NOR","HOSPITALSTAY","CHILDBIRTH","DAY","A","2010",3.1,
"POL","HOSPITALSTAY","ACUTE","DAY","A","2005",7.9,
"POL","HOSPITALSTAY","ACUTE","DAY","A","2006",7.6,
"POL","HOSPITALSTAY","ACUTE","DAY","A","2007",7.4,
"POL","HOSPITALSTAY","ACUTE","DAY","A","2008",7.5,
"POL","HOSPITALSTAY","ACUTE","DAY","A","2009",7.4,
"POL","HOSPITALSTAY","ACUTE","DAY","A","2010",7.3,
"POL","HOSPITALSTAY","ACUTE","DAY","A","2011",7.1,
"POL","HOSPITALSTAY","ACUTE","DAY","A","2012",6.8,
"POL","HOSPITALSTAY","ACUTE","DAY","A","2013",6.7,
"POL","HOSPITALSTAY","ACUTE","DAY","A","2014",6.6,
"POL","HOSPITALSTAY","ACUTE","DAY","A","2015",6.9,
"POL","HOSPITALSTAY","CHILDBIRTH","DAY","A","2003",4.8,
"POL","HOSPITALSTAY","CHILDBIRTH","DAY","A","2004",4.6,
"POL","HOSPITALSTAY","CHILDBIRTH","DAY","A","2005",4.6,
"POL","HOSPITALSTAY","CHILDBIRTH","DAY","A","2006",4.6,
"POL","HOSPITALSTAY","CHILDBIRTH","DAY","A","2007",4.6,
"POL","HOSPITALSTAY","CHILDBIRTH","DAY","A","2008",4.4,
"POL","HOSPITALSTAY","CHILDBIRTH","DAY","A","2009",4.1,
"POL","HOSPITALSTAY","CHILDBIRTH","DAY","A","2010",4,
"POL","HOSPITALSTAY","CHILDBIRTH","DAY","A","2011",3.9,
"POL","HOSPITALSTAY","CHILDBIRTH","DAY","A","2012",3.9,
"POL","HOSPITALSTAY","CHILDBIRTH","DAY","A","2013",3.9,
"POL","HOSPITALSTAY","CHILDBIRTH","DAY","A","2014",3.9,
"POL","HOSPITALSTAY","CHILDBIRTH","DAY","A","2015",3.8,
"PRT","HOSPITALSTAY","ACUTE","DAY","A","1996",7.5,
"PRT","HOSPITALSTAY","ACUTE","DAY","A","1997",7.3,
"PRT","HOSPITALSTAY","ACUTE","DAY","A","1998",7.1,
"PRT","HOSPITALSTAY","ACUTE","DAY","A","1999",7.8,"B"
"PRT","HOSPITALSTAY","ACUTE","DAY","A","2000",7.8,
"PRT","HOSPITALSTAY","ACUTE","DAY","A","2001",7.4,
"PRT","HOSPITALSTAY","ACUTE","DAY","A","2002",7.2,
"PRT","HOSPITALSTAY","ACUTE","DAY","A","2003",7.1,
"PRT","HOSPITALSTAY","ACUTE","DAY","A","2004",7.1,
"PRT","HOSPITALSTAY","ACUTE","DAY","A","2005",7,
"PRT","HOSPITALSTAY","ACUTE","DAY","A","2006",7.1,
"PRT","HOSPITALSTAY","ACUTE","DAY","A","2007",6.9,
"PRT","HOSPITALSTAY","ACUTE","DAY","A","2008",6.8,
"PRT","HOSPITALSTAY","ACUTE","DAY","A","2009",7,
"PRT","HOSPITALSTAY","ACUTE","DAY","A","2010",7,
"PRT","HOSPITALSTAY","ACUTE","DAY","A","2011",7,
"PRT","HOSPITALSTAY","ACUTE","DAY","A","2012",7.5,
"PRT","HOSPITALSTAY","ACUTE","DAY","A","2013",7.2,
"PRT","HOSPITALSTAY","ACUTE","DAY","A","2014",7.2,
"PRT","HOSPITALSTAY","ACUTE","DAY","A","2015",7.1,"E"
"SVK","HOSPITALSTAY","ACUTE","DAY","A","1996",10.5,
"SVK","HOSPITALSTAY","ACUTE","DAY","A","1997",10.1,
"SVK","HOSPITALSTAY","ACUTE","DAY","A","1998",9.4,
"SVK","HOSPITALSTAY","ACUTE","DAY","A","1999",8.7,
"SVK","HOSPITALSTAY","ACUTE","DAY","A","2000",8.4,
"SVK","HOSPITALSTAY","ACUTE","DAY","A","2001",8.1,
"SVK","HOSPITALSTAY","ACUTE","DAY","A","2002",7.7,
"SVK","HOSPITALSTAY","ACUTE","DAY","A","2003",7.4,
"SVK","HOSPITALSTAY","ACUTE","DAY","A","2004",7.3,
"SVK","HOSPITALSTAY","ACUTE","DAY","A","2005",7.3,
"SVK","HOSPITALSTAY","ACUTE","DAY","A","2006",7.2,
"SVK","HOSPITALSTAY","ACUTE","DAY","A","2007",7,
"SVK","HOSPITALSTAY","ACUTE","DAY","A","2008",6.9,
"SVK","HOSPITALSTAY","ACUTE","DAY","A","2009",6.7,
"SVK","HOSPITALSTAY","ACUTE","DAY","A","2010",6.6,
"SVK","HOSPITALSTAY","ACUTE","DAY","A","2011",6.3,
"SVK","HOSPITALSTAY","ACUTE","DAY","A","2012",6.2,
"SVK","HOSPITALSTAY","ACUTE","DAY","A","2013",6.2,
"SVK","HOSPITALSTAY","ACUTE","DAY","A","2014",7,"B"
"SVK","HOSPITALSTAY","ACUTE","DAY","A","2015",6.9,
"SVK","HOSPITALSTAY","CHILDBIRTH","DAY","A","2000",6.7,
"SVK","HOSPITALSTAY","CHILDBIRTH","DAY","A","2001",6.7,
"SVK","HOSPITALSTAY","CHILDBIRTH","DAY","A","2002",6.5,
"SVK","HOSPITALSTAY","CHILDBIRTH","DAY","A","2003",6.1,
"SVK","HOSPITALSTAY","CHILDBIRTH","DAY","A","2004",5.9,
"SVK","HOSPITALSTAY","CHILDBIRTH","DAY","A","2005",5.7,
"SVK","HOSPITALSTAY","CHILDBIRTH","DAY","A","2006",5.7,
"SVK","HOSPITALSTAY","CHILDBIRTH","DAY","A","2008",5.5,
"SVK","HOSPITALSTAY","CHILDBIRTH","DAY","A","2009",5.4,
"SVK","HOSPITALSTAY","CHILDBIRTH","DAY","A","2010",5.3,
"SVK","HOSPITALSTAY","CHILDBIRTH","DAY","A","2011",5.2,
"SVK","HOSPITALSTAY","CHILDBIRTH","DAY","A","2012",5.1,
"SVK","HOSPITALSTAY","CHILDBIRTH","DAY","A","2014",5,
"SVK","HOSPITALSTAY","CHILDBIRTH","DAY","A","2015",4.9,
"ESP","HOSPITALSTAY","ACUTE","DAY","A","1985",10.1,
"ESP","HOSPITALSTAY","ACUTE","DAY","A","1986",9.9,
"ESP","HOSPITALSTAY","ACUTE","DAY","A","1987",10,
"ESP","HOSPITALSTAY","ACUTE","DAY","A","1988",9.8,
"ESP","HOSPITALSTAY","ACUTE","DAY","A","1989",9.7,
"ESP","HOSPITALSTAY","ACUTE","DAY","A","1990",9.6,
"ESP","HOSPITALSTAY","ACUTE","DAY","A","1991",9.3,
"ESP","HOSPITALSTAY","ACUTE","DAY","A","1992",9.2,
"ESP","HOSPITALSTAY","ACUTE","DAY","A","1993",9.1,
"ESP","HOSPITALSTAY","ACUTE","DAY","A","1994",9,
"ESP","HOSPITALSTAY","ACUTE","DAY","A","1995",8.8,
"ESP","HOSPITALSTAY","ACUTE","DAY","A","1996",8,"B"
"ESP","HOSPITALSTAY","ACUTE","DAY","A","1997",7.6,
"ESP","HOSPITALSTAY","ACUTE","DAY","A","1998",7.5,
"ESP","HOSPITALSTAY","ACUTE","DAY","A","1999",7.3,
"ESP","HOSPITALSTAY","ACUTE","DAY","A","2000",7.1,
"ESP","HOSPITALSTAY","ACUTE","DAY","A","2001",7,
"ESP","HOSPITALSTAY","ACUTE","DAY","A","2002",7,
"ESP","HOSPITALSTAY","ACUTE","DAY","A","2003",6.9,
"ESP","HOSPITALSTAY","ACUTE","DAY","A","2004",6.7,
"ESP","HOSPITALSTAY","ACUTE","DAY","A","2005",6.7,
"ESP","HOSPITALSTAY","ACUTE","DAY","A","2006",6.6,
"ESP","HOSPITALSTAY","ACUTE","DAY","A","2007",6.6,
"ESP","HOSPITALSTAY","ACUTE","DAY","A","2008",6.5,
"ESP","HOSPITALSTAY","ACUTE","DAY","A","2009",6.4,
"ESP","HOSPITALSTAY","ACUTE","DAY","A","2010",6.3,
"ESP","HOSPITALSTAY","ACUTE","DAY","A","2011",6.1,
"ESP","HOSPITALSTAY","ACUTE","DAY","A","2012",6.1,
"ESP","HOSPITALSTAY","ACUTE","DAY","A","2013",6,
"ESP","HOSPITALSTAY","ACUTE","DAY","A","2014",5.9,
"ESP","HOSPITALSTAY","ACUTE","DAY","A","2015",5.9,
"ESP","HOSPITALSTAY","CHILDBIRTH","DAY","A","1980",4.2,
"ESP","HOSPITALSTAY","CHILDBIRTH","DAY","A","1981",4.2,
"ESP","HOSPITALSTAY","CHILDBIRTH","DAY","A","1982",4.1,
"ESP","HOSPITALSTAY","CHILDBIRTH","DAY","A","1983",4.2,
"ESP","HOSPITALSTAY","CHILDBIRTH","DAY","A","1984",4.1,
"ESP","HOSPITALSTAY","CHILDBIRTH","DAY","A","1985",4.3,
"ESP","HOSPITALSTAY","CHILDBIRTH","DAY","A","1986",4.3,
"ESP","HOSPITALSTAY","CHILDBIRTH","DAY","A","1987",4.3,
"ESP","HOSPITALSTAY","CHILDBIRTH","DAY","A","1988",4.2,
"ESP","HOSPITALSTAY","CHILDBIRTH","DAY","A","1989",4.2,
"ESP","HOSPITALSTAY","CHILDBIRTH","DAY","A","1990",4.1,
"ESP","HOSPITALSTAY","CHILDBIRTH","DAY","A","1991",4.1,
"ESP","HOSPITALSTAY","CHILDBIRTH","DAY","A","1992",3.9,
"ESP","HOSPITALSTAY","CHILDBIRTH","DAY","A","1993",3.8,
"ESP","HOSPITALSTAY","CHILDBIRTH","DAY","A","1994",3.7,
"ESP","HOSPITALSTAY","CHILDBIRTH","DAY","A","1995",3.6,
"ESP","HOSPITALSTAY","CHILDBIRTH","DAY","A","1996",3.5,
"ESP","HOSPITALSTAY","CHILDBIRTH","DAY","A","1997",3.4,
"ESP","HOSPITALSTAY","CHILDBIRTH","DAY","A","1998",3.2,
"ESP","HOSPITALSTAY","CHILDBIRTH","DAY","A","1999",3,
"ESP","HOSPITALSTAY","CHILDBIRTH","DAY","A","2000",3,
"ESP","HOSPITALSTAY","CHILDBIRTH","DAY","A","2001",2.8,
"ESP","HOSPITALSTAY","CHILDBIRTH","DAY","A","2002",2.8,
"ESP","HOSPITALSTAY","CHILDBIRTH","DAY","A","2003",2.7,
"ESP","HOSPITALSTAY","CHILDBIRTH","DAY","A","2004",2.6,
"ESP","HOSPITALSTAY","CHILDBIRTH","DAY","A","2005",2.6,
"ESP","HOSPITALSTAY","CHILDBIRTH","DAY","A","2006",2.6,
"ESP","HOSPITALSTAY","CHILDBIRTH","DAY","A","2007",2.6,
"ESP","HOSPITALSTAY","CHILDBIRTH","DAY","A","2008",2.6,
"ESP","HOSPITALSTAY","CHILDBIRTH","DAY","A","2009",2.5,
"ESP","HOSPITALSTAY","CHILDBIRTH","DAY","A","2010",2.5,
"ESP","HOSPITALSTAY","CHILDBIRTH","DAY","A","2011",2.5,
"ESP","HOSPITALSTAY","CHILDBIRTH","DAY","A","2012",2.4,
"ESP","HOSPITALSTAY","CHILDBIRTH","DAY","A","2013",2.4,
"ESP","HOSPITALSTAY","CHILDBIRTH","DAY","A","2014",2.4,
"ESP","HOSPITALSTAY","CHILDBIRTH","DAY","A","2015",2.4,
"SWE","HOSPITALSTAY","ACUTE","DAY","A","1970",11,
"SWE","HOSPITALSTAY","ACUTE","DAY","A","1973",9.8,
"SWE","HOSPITALSTAY","ACUTE","DAY","A","1974",9.6,
"SWE","HOSPITALSTAY","ACUTE","DAY","A","1975",9.5,
"SWE","HOSPITALSTAY","ACUTE","DAY","A","1976",9.1,
"SWE","HOSPITALSTAY","ACUTE","DAY","A","1977",9,
"SWE","HOSPITALSTAY","ACUTE","DAY","A","1978",8.9,
"SWE","HOSPITALSTAY","ACUTE","DAY","A","1979",8.7,
"SWE","HOSPITALSTAY","ACUTE","DAY","A","1980",8.5,
"SWE","HOSPITALSTAY","ACUTE","DAY","A","1981",8.3,
"SWE","HOSPITALSTAY","ACUTE","DAY","A","1982",8.2,
"SWE","HOSPITALSTAY","ACUTE","DAY","A","1983",8,
"SWE","HOSPITALSTAY","ACUTE","DAY","A","1984",7.8,
"SWE","HOSPITALSTAY","ACUTE","DAY","A","1985",7.5,
"SWE","HOSPITALSTAY","ACUTE","DAY","A","1986",7.3,
"SWE","HOSPITALSTAY","ACUTE","DAY","A","1987",7.1,
"SWE","HOSPITALSTAY","ACUTE","DAY","A","1988",6.9,
"SWE","HOSPITALSTAY","ACUTE","DAY","A","1989",6.8,
"SWE","HOSPITALSTAY","ACUTE","DAY","A","1990",6.5,
"SWE","HOSPITALSTAY","ACUTE","DAY","A","1991",6.2,
"SWE","HOSPITALSTAY","ACUTE","DAY","A","1992",5.8,
"SWE","HOSPITALSTAY","ACUTE","DAY","A","1993",5.5,
"SWE","HOSPITALSTAY","ACUTE","DAY","A","1994",5.3,
"SWE","HOSPITALSTAY","ACUTE","DAY","A","1995",5.2,
"SWE","HOSPITALSTAY","ACUTE","DAY","A","1996",5,
"SWE","HOSPITALSTAY","ACUTE","DAY","A","1997",5.1,
"SWE","HOSPITALSTAY","ACUTE","DAY","A","1998",7,"B"
"SWE","HOSPITALSTAY","ACUTE","DAY","A","1999",6.8,
"SWE","HOSPITALSTAY","ACUTE","DAY","A","2000",6.6,
"SWE","HOSPITALSTAY","ACUTE","DAY","A","2001",6.6,
"SWE","HOSPITALSTAY","ACUTE","DAY","A","2002",6.5,
"SWE","HOSPITALSTAY","ACUTE","DAY","A","2003",6.4,
"SWE","HOSPITALSTAY","ACUTE","DAY","A","2004",6.3,
"SWE","HOSPITALSTAY","ACUTE","DAY","A","2005",6.2,
"SWE","HOSPITALSTAY","ACUTE","DAY","A","2006",6.3,
"SWE","HOSPITALSTAY","ACUTE","DAY","A","2007",6.1,
"SWE","HOSPITALSTAY","ACUTE","DAY","A","2008",6.2,
"SWE","HOSPITALSTAY","ACUTE","DAY","A","2009",6.2,
"SWE","HOSPITALSTAY","ACUTE","DAY","A","2010",5.8,
"SWE","HOSPITALSTAY","ACUTE","DAY","A","2011",5.7,
"SWE","HOSPITALSTAY","ACUTE","DAY","A","2012",5.6,
"SWE","HOSPITALSTAY","ACUTE","DAY","A","2013",5.6,
"SWE","HOSPITALSTAY","ACUTE","DAY","A","2014",5.6,
"SWE","HOSPITALSTAY","ACUTE","DAY","A","2015",5.7,
"SWE","HOSPITALSTAY","CHILDBIRTH","DAY","A","2000",3,
"SWE","HOSPITALSTAY","CHILDBIRTH","DAY","A","2001",2.8,
"SWE","HOSPITALSTAY","CHILDBIRTH","DAY","A","2002",2.8,
"SWE","HOSPITALSTAY","CHILDBIRTH","DAY","A","2003",2.7,
"SWE","HOSPITALSTAY","CHILDBIRTH","DAY","A","2004",2.7,
"SWE","HOSPITALSTAY","CHILDBIRTH","DAY","A","2005",2.6,
"SWE","HOSPITALSTAY","CHILDBIRTH","DAY","A","2006",2.5,
"SWE","HOSPITALSTAY","CHILDBIRTH","DAY","A","2007",2.5,
"SWE","HOSPITALSTAY","CHILDBIRTH","DAY","A","2008",2.4,
"SWE","HOSPITALSTAY","CHILDBIRTH","DAY","A","2009",2.4,
"SWE","HOSPITALSTAY","CHILDBIRTH","DAY","A","2010",2.3,
"SWE","HOSPITALSTAY","CHILDBIRTH","DAY","A","2013",2.3,
"SWE","HOSPITALSTAY","CHILDBIRTH","DAY","A","2014",2.3,
"SWE","HOSPITALSTAY","CHILDBIRTH","DAY","A","2015",2.3,
"CHE","HOSPITALSTAY","ACUTE","DAY","A","1975",15,
"CHE","HOSPITALSTAY","ACUTE","DAY","A","1980",15.5,
"CHE","HOSPITALSTAY","ACUTE","DAY","A","1981",15.4,
"CHE","HOSPITALSTAY","ACUTE","DAY","A","1982",15.1,
"CHE","HOSPITALSTAY","ACUTE","DAY","A","1983",15.1,
"CHE","HOSPITALSTAY","ACUTE","DAY","A","1984",15,
"CHE","HOSPITALSTAY","ACUTE","DAY","A","1985",14.7,
"CHE","HOSPITALSTAY","ACUTE","DAY","A","1986",14.2,
"CHE","HOSPITALSTAY","ACUTE","DAY","A","1987",14.5,
"CHE","HOSPITALSTAY","ACUTE","DAY","A","1988",14.2,
"CHE","HOSPITALSTAY","ACUTE","DAY","A","1989",14,
"CHE","HOSPITALSTAY","ACUTE","DAY","A","1990",13.4,
"CHE","HOSPITALSTAY","ACUTE","DAY","A","1991",13,
"CHE","HOSPITALSTAY","ACUTE","DAY","A","1992",12.1,
"CHE","HOSPITALSTAY","ACUTE","DAY","A","1993",12.1,
"CHE","HOSPITALSTAY","ACUTE","DAY","A","1994",12,
"CHE","HOSPITALSTAY","ACUTE","DAY","A","1995",12,
"CHE","HOSPITALSTAY","ACUTE","DAY","A","1996",12,
"CHE","HOSPITALSTAY","ACUTE","DAY","A","1997",10.5,"B"
"CHE","HOSPITALSTAY","ACUTE","DAY","A","1998",9.9,
"CHE","HOSPITALSTAY","ACUTE","DAY","A","1999",9.8,
"CHE","HOSPITALSTAY","ACUTE","DAY","A","2000",9.3,
"CHE","HOSPITALSTAY","ACUTE","DAY","A","2001",9.2,
"CHE","HOSPITALSTAY","ACUTE","DAY","A","2002",9.1,
"CHE","HOSPITALSTAY","ACUTE","DAY","A","2003",9,
"CHE","HOSPITALSTAY","ACUTE","DAY","A","2004",8.8,
"CHE","HOSPITALSTAY","ACUTE","DAY","A","2005",8.5,
"CHE","HOSPITALSTAY","ACUTE","DAY","A","2006",8.2,
"CHE","HOSPITALSTAY","ACUTE","DAY","A","2007",7.8,
"CHE","HOSPITALSTAY","ACUTE","DAY","A","2008",7.7,
"CHE","HOSPITALSTAY","ACUTE","DAY","A","2009",7.5,
"CHE","HOSPITALSTAY","ACUTE","DAY","A","2010",6.6,"B"
"CHE","HOSPITALSTAY","ACUTE","DAY","A","2011",6.5,
"CHE","HOSPITALSTAY","ACUTE","DAY","A","2012",6.1,
"CHE","HOSPITALSTAY","ACUTE","DAY","A","2013",5.9,
"CHE","HOSPITALSTAY","ACUTE","DAY","A","2014",5.8,
"CHE","HOSPITALSTAY","ACUTE","DAY","A","2015",5.7,
"CHE","HOSPITALSTAY","CHILDBIRTH","DAY","A","1975",9.7,
"CHE","HOSPITALSTAY","CHILDBIRTH","DAY","A","1976",9.5,
"CHE","HOSPITALSTAY","CHILDBIRTH","DAY","A","1977",9.5,
"CHE","HOSPITALSTAY","CHILDBIRTH","DAY","A","1978",9.3,
"CHE","HOSPITALSTAY","CHILDBIRTH","DAY","A","1979",9.3,
"CHE","HOSPITALSTAY","CHILDBIRTH","DAY","A","2002",4.9,
"CHE","HOSPITALSTAY","CHILDBIRTH","DAY","A","2003",4.8,
"CHE","HOSPITALSTAY","CHILDBIRTH","DAY","A","2004",4.7,
"CHE","HOSPITALSTAY","CHILDBIRTH","DAY","A","2005",4.6,
"CHE","HOSPITALSTAY","CHILDBIRTH","DAY","A","2006",4.5,
"CHE","HOSPITALSTAY","CHILDBIRTH","DAY","A","2007",4.4,
"CHE","HOSPITALSTAY","CHILDBIRTH","DAY","A","2008",4.3,
"CHE","HOSPITALSTAY","CHILDBIRTH","DAY","A","2009",4.2,
"CHE","HOSPITALSTAY","CHILDBIRTH","DAY","A","2010",4,
"CHE","HOSPITALSTAY","CHILDBIRTH","DAY","A","2011",3.9,
"CHE","HOSPITALSTAY","CHILDBIRTH","DAY","A","2012",3.6,
"CHE","HOSPITALSTAY","CHILDBIRTH","DAY","A","2013",3.5,
"CHE","HOSPITALSTAY","CHILDBIRTH","DAY","A","2014",3.4,
"CHE","HOSPITALSTAY","CHILDBIRTH","DAY","A","2015",3.2,
"TUR","HOSPITALSTAY","ACUTE","DAY","A","1980",8.5,
"TUR","HOSPITALSTAY","ACUTE","DAY","A","1981",8.5,
"TUR","HOSPITALSTAY","ACUTE","DAY","A","1982",7.7,
"TUR","HOSPITALSTAY","ACUTE","DAY","A","1983",7.6,
"TUR","HOSPITALSTAY","ACUTE","DAY","A","1984",7.2,
"TUR","HOSPITALSTAY","ACUTE","DAY","A","1985",7,
"TUR","HOSPITALSTAY","ACUTE","DAY","A","1986",6.8,
"TUR","HOSPITALSTAY","ACUTE","DAY","A","1987",6.7,
"TUR","HOSPITALSTAY","ACUTE","DAY","A","1988",6.5,
"TUR","HOSPITALSTAY","ACUTE","DAY","A","1989",6.5,
"TUR","HOSPITALSTAY","ACUTE","DAY","A","1990",6.5,
"TUR","HOSPITALSTAY","ACUTE","DAY","A","1991",6.5,
"TUR","HOSPITALSTAY","ACUTE","DAY","A","1992",6.5,
"TUR","HOSPITALSTAY","ACUTE","DAY","A","1993",6.4,
"TUR","HOSPITALSTAY","ACUTE","DAY","A","1994",6.2,
"TUR","HOSPITALSTAY","ACUTE","DAY","A","1995",6,
"TUR","HOSPITALSTAY","ACUTE","DAY","A","1996",5.9,
"TUR","HOSPITALSTAY","ACUTE","DAY","A","1997",5.8,
"TUR","HOSPITALSTAY","ACUTE","DAY","A","1998",5.6,
"TUR","HOSPITALSTAY","ACUTE","DAY","A","1999",6.5,
"TUR","HOSPITALSTAY","ACUTE","DAY","A","2000",5.6,
"TUR","HOSPITALSTAY","ACUTE","DAY","A","2001",5.6,
"TUR","HOSPITALSTAY","ACUTE","DAY","A","2002",5.8,"B"
"TUR","HOSPITALSTAY","ACUTE","DAY","A","2003",5.7,
"TUR","HOSPITALSTAY","ACUTE","DAY","A","2004",5.6,
"TUR","HOSPITALSTAY","ACUTE","DAY","A","2005",5.3,
"TUR","HOSPITALSTAY","ACUTE","DAY","A","2006",5.1,
"TUR","HOSPITALSTAY","ACUTE","DAY","A","2007",4.4,
"TUR","HOSPITALSTAY","ACUTE","DAY","A","2008",4.1,
"TUR","HOSPITALSTAY","ACUTE","DAY","A","2009",4.1,
"TUR","HOSPITALSTAY","ACUTE","DAY","A","2010",4,
"TUR","HOSPITALSTAY","ACUTE","DAY","A","2011",3.9,"B"
"TUR","HOSPITALSTAY","ACUTE","DAY","A","2012",3.9,
"TUR","HOSPITALSTAY","ACUTE","DAY","A","2013",3.9,
"TUR","HOSPITALSTAY","ACUTE","DAY","A","2014",4,
"TUR","HOSPITALSTAY","ACUTE","DAY","A","2015",3.9,
"TUR","HOSPITALSTAY","CHILDBIRTH","DAY","A","1975",2,
"TUR","HOSPITALSTAY","CHILDBIRTH","DAY","A","1977",2.2,
"TUR","HOSPITALSTAY","CHILDBIRTH","DAY","A","1978",2.5,
"TUR","HOSPITALSTAY","CHILDBIRTH","DAY","A","1979",2.2,
"TUR","HOSPITALSTAY","CHILDBIRTH","DAY","A","2011",1.4,
"TUR","HOSPITALSTAY","CHILDBIRTH","DAY","A","2012",1.3,
"TUR","HOSPITALSTAY","CHILDBIRTH","DAY","A","2013",1.5,
"TUR","HOSPITALSTAY","CHILDBIRTH","DAY","A","2014",1.5,
"TUR","HOSPITALSTAY","CHILDBIRTH","DAY","A","2015",1.4,
"GBR","HOSPITALSTAY","ACUTE","DAY","A","2001",7.7,
"GBR","HOSPITALSTAY","ACUTE","DAY","A","2002",7.5,
"GBR","HOSPITALSTAY","ACUTE","DAY","A","2003",7.3,
"GBR","HOSPITALSTAY","ACUTE","DAY","A","2004",7.1,
"GBR","HOSPITALSTAY","ACUTE","DAY","A","2005",6.9,
"GBR","HOSPITALSTAY","ACUTE","DAY","A","2006",6.6,
"GBR","HOSPITALSTAY","ACUTE","DAY","A","2007",6.4,
"GBR","HOSPITALSTAY","ACUTE","DAY","A","2008",6.3,
"GBR","HOSPITALSTAY","ACUTE","DAY","A","2009",6.2,
"GBR","HOSPITALSTAY","ACUTE","DAY","A","2010",6.1,
"GBR","HOSPITALSTAY","ACUTE","DAY","A","2011",6,
"GBR","HOSPITALSTAY","ACUTE","DAY","A","2012",6,
"GBR","HOSPITALSTAY","ACUTE","DAY","A","2013",6,
"GBR","HOSPITALSTAY","ACUTE","DAY","A","2014",6,
"GBR","HOSPITALSTAY","ACUTE","DAY","A","2015",6,
"GBR","HOSPITALSTAY","CHILDBIRTH","DAY","A","2000",2.1,
"GBR","HOSPITALSTAY","CHILDBIRTH","DAY","A","2001",2,
"GBR","HOSPITALSTAY","CHILDBIRTH","DAY","A","2002",2,
"GBR","HOSPITALSTAY","CHILDBIRTH","DAY","A","2003",2,
"GBR","HOSPITALSTAY","CHILDBIRTH","DAY","A","2004",1.8,
"GBR","HOSPITALSTAY","CHILDBIRTH","DAY","A","2005",1.8,
"GBR","HOSPITALSTAY","CHILDBIRTH","DAY","A","2006",1.7,
"GBR","HOSPITALSTAY","CHILDBIRTH","DAY","A","2007",1.7,
"GBR","HOSPITALSTAY","CHILDBIRTH","DAY","A","2008",1.6,
"GBR","HOSPITALSTAY","CHILDBIRTH","DAY","A","2009",1.6,
"GBR","HOSPITALSTAY","CHILDBIRTH","DAY","A","2010",1.6,
"GBR","HOSPITALSTAY","CHILDBIRTH","DAY","A","2011",1.5,
"GBR","HOSPITALSTAY","CHILDBIRTH","DAY","A","2012",1.5,
"GBR","HOSPITALSTAY","CHILDBIRTH","DAY","A","2013",1.5,
"GBR","HOSPITALSTAY","CHILDBIRTH","DAY","A","2014",1.5,
"GBR","HOSPITALSTAY","CHILDBIRTH","DAY","A","2015",1.5,
"USA","HOSPITALSTAY","ACUTE","DAY","A","1960",7.6,
"USA","HOSPITALSTAY","ACUTE","DAY","A","1961",7.6,
"USA","HOSPITALSTAY","ACUTE","DAY","A","1962",7.6,
"USA","HOSPITALSTAY","ACUTE","DAY","A","1963",7.7,
"USA","HOSPITALSTAY","ACUTE","DAY","A","1964",7.7,
"USA","HOSPITALSTAY","ACUTE","DAY","A","1965",7.8,
"USA","HOSPITALSTAY","ACUTE","DAY","A","1966",7.9,
"USA","HOSPITALSTAY","ACUTE","DAY","A","1967",8.3,
"USA","HOSPITALSTAY","ACUTE","DAY","A","1968",8.4,
"USA","HOSPITALSTAY","ACUTE","DAY","A","1969",8.3,
"USA","HOSPITALSTAY","ACUTE","DAY","A","1970",8.2,
"USA","HOSPITALSTAY","ACUTE","DAY","A","1971",8,
"USA","HOSPITALSTAY","ACUTE","DAY","A","1972",7.9,
"USA","HOSPITALSTAY","ACUTE","DAY","A","1973",7.8,
"USA","HOSPITALSTAY","ACUTE","DAY","A","1974",7.8,
"USA","HOSPITALSTAY","ACUTE","DAY","A","1975",7.7,
"USA","HOSPITALSTAY","ACUTE","DAY","A","1976",7.7,
"USA","HOSPITALSTAY","ACUTE","DAY","A","1977",7.6,
"USA","HOSPITALSTAY","ACUTE","DAY","A","1978",7.6,
"USA","HOSPITALSTAY","ACUTE","DAY","A","1979",7.6,
"USA","HOSPITALSTAY","ACUTE","DAY","A","1980",7.6,
"USA","HOSPITALSTAY","ACUTE","DAY","A","1981",7.6,
"USA","HOSPITALSTAY","ACUTE","DAY","A","1982",7.6,
"USA","HOSPITALSTAY","ACUTE","DAY","A","1983",7.6,
"USA","HOSPITALSTAY","ACUTE","DAY","A","1984",7.3,
"USA","HOSPITALSTAY","ACUTE","DAY","A","1985",7.1,
"USA","HOSPITALSTAY","ACUTE","DAY","A","1986",7.1,
"USA","HOSPITALSTAY","ACUTE","DAY","A","1987",7.2,
"USA","HOSPITALSTAY","ACUTE","DAY","A","1988",7.2,
"USA","HOSPITALSTAY","ACUTE","DAY","A","1989",7.3,
"USA","HOSPITALSTAY","ACUTE","DAY","A","1990",7.3,
"USA","HOSPITALSTAY","ACUTE","DAY","A","1991",7.2,
"USA","HOSPITALSTAY","ACUTE","DAY","A","1992",7.1,
"USA","HOSPITALSTAY","ACUTE","DAY","A","1993",7,
"USA","HOSPITALSTAY","ACUTE","DAY","A","1994",6.8,
"USA","HOSPITALSTAY","ACUTE","DAY","A","1995",6.5,
"USA","HOSPITALSTAY","ACUTE","DAY","A","1996",6.2,
"USA","HOSPITALSTAY","ACUTE","DAY","A","1997",6.1,
"USA","HOSPITALSTAY","ACUTE","DAY","A","1998",6,
"USA","HOSPITALSTAY","ACUTE","DAY","A","1999",5.9,
"USA","HOSPITALSTAY","ACUTE","DAY","A","2000",5.8,
"USA","HOSPITALSTAY","ACUTE","DAY","A","2001",5.8,
"USA","HOSPITALSTAY","ACUTE","DAY","A","2002",5.7,
"USA","HOSPITALSTAY","ACUTE","DAY","A","2003",5.7,
"USA","HOSPITALSTAY","ACUTE","DAY","A","2004",5.6,
"USA","HOSPITALSTAY","ACUTE","DAY","A","2005",5.6,
"USA","HOSPITALSTAY","ACUTE","DAY","A","2006",5.6,
"USA","HOSPITALSTAY","ACUTE","DAY","A","2007",5.5,
"USA","HOSPITALSTAY","ACUTE","DAY","A","2008",5.5,
"USA","HOSPITALSTAY","ACUTE","DAY","A","2009",5.4,
"USA","HOSPITALSTAY","ACUTE","DAY","A","2010",5.4,
"USA","HOSPITALSTAY","ACUTE","DAY","A","2011",5.4,
"USA","HOSPITALSTAY","ACUTE","DAY","A","2012",5.4,
"USA","HOSPITALSTAY","ACUTE","DAY","A","2013",5.4,
"USA","HOSPITALSTAY","ACUTE","DAY","A","2014",5.5,
"USA","HOSPITALSTAY","CHILDBIRTH","DAY","A","1990",2,
"USA","HOSPITALSTAY","CHILDBIRTH","DAY","A","1991",2,
"USA","HOSPITALSTAY","CHILDBIRTH","DAY","A","1992",1.9,
"USA","HOSPITALSTAY","CHILDBIRTH","DAY","A","1993",1.8,
"USA","HOSPITALSTAY","CHILDBIRTH","DAY","A","1994",1.8,
"USA","HOSPITALSTAY","CHILDBIRTH","DAY","A","1995",1.5,
"USA","HOSPITALSTAY","CHILDBIRTH","DAY","A","1996",1.6,
"USA","HOSPITALSTAY","CHILDBIRTH","DAY","A","1997",1.8,
"USA","HOSPITALSTAY","CHILDBIRTH","DAY","A","1998",1.8,
"USA","HOSPITALSTAY","CHILDBIRTH","DAY","A","1999",1.9,
"USA","HOSPITALSTAY","CHILDBIRTH","DAY","A","2000",1.9,
"USA","HOSPITALSTAY","CHILDBIRTH","DAY","A","2001",1.9,
"USA","HOSPITALSTAY","CHILDBIRTH","DAY","A","2002",1.9,
"USA","HOSPITALSTAY","CHILDBIRTH","DAY","A","2003",1.9,
"USA","HOSPITALSTAY","CHILDBIRTH","DAY","A","2004",1.9,
"USA","HOSPITALSTAY","CHILDBIRTH","DAY","A","2005",1.9,
"USA","HOSPITALSTAY","CHILDBIRTH","DAY","A","2006",1.9,
"USA","HOSPITALSTAY","CHILDBIRTH","DAY","A","2007",1.9,
"USA","HOSPITALSTAY","CHILDBIRTH","DAY","A","2008",2.1,
"USA","HOSPITALSTAY","CHILDBIRTH","DAY","A","2009",2,
"USA","HOSPITALSTAY","CHILDBIRTH","DAY","A","2010",2,
"CHL","HOSPITALSTAY","CHILDBIRTH","DAY","A","2001",3.1,
"CHL","HOSPITALSTAY","CHILDBIRTH","DAY","A","2002",3.1,
"CHL","HOSPITALSTAY","CHILDBIRTH","DAY","A","2003",3.2,
"CHL","HOSPITALSTAY","CHILDBIRTH","DAY","A","2004",3.2,
"CHL","HOSPITALSTAY","CHILDBIRTH","DAY","A","2005",3,
"CHL","HOSPITALSTAY","CHILDBIRTH","DAY","A","2006",3,
"CHL","HOSPITALSTAY","CHILDBIRTH","DAY","A","2007",3,
"CHL","HOSPITALSTAY","CHILDBIRTH","DAY","A","2008",3,
"CHL","HOSPITALSTAY","CHILDBIRTH","DAY","A","2009",2.9,
"CHL","HOSPITALSTAY","CHILDBIRTH","DAY","A","2010",2.8,
"CHL","HOSPITALSTAY","CHILDBIRTH","DAY","A","2011",2.8,
"CHL","HOSPITALSTAY","CHILDBIRTH","DAY","A","2012",2.8,
"CHL","HOSPITALSTAY","CHILDBIRTH","DAY","A","2013",2.8,
"CHL","HOSPITALSTAY","CHILDBIRTH","DAY","A","2014",2.7,
"EST","HOSPITALSTAY","ACUTE","DAY","A","1985",15,
"EST","HOSPITALSTAY","ACUTE","DAY","A","1986",14.5,
"EST","HOSPITALSTAY","ACUTE","DAY","A","1987",14.4,
"EST","HOSPITALSTAY","ACUTE","DAY","A","1988",14.3,
"EST","HOSPITALSTAY","ACUTE","DAY","A","1989",14.3,
"EST","HOSPITALSTAY","ACUTE","DAY","A","1990",14.3,
"EST","HOSPITALSTAY","ACUTE","DAY","A","1991",14.4,
"EST","HOSPITALSTAY","ACUTE","DAY","A","1992",13.1,
"EST","HOSPITALSTAY","ACUTE","DAY","A","1993",12.5,
"EST","HOSPITALSTAY","ACUTE","DAY","A","1994",11.4,
"EST","HOSPITALSTAY","ACUTE","DAY","A","1995",10.5,
"EST","HOSPITALSTAY","ACUTE","DAY","A","1996",9.6,
"EST","HOSPITALSTAY","ACUTE","DAY","A","1997",9.2,
"EST","HOSPITALSTAY","ACUTE","DAY","A","1998",8.8,
"EST","HOSPITALSTAY","ACUTE","DAY","A","1999",8,
"EST","HOSPITALSTAY","ACUTE","DAY","A","2000",7.3,
"EST","HOSPITALSTAY","ACUTE","DAY","A","2001",6.9,
"EST","HOSPITALSTAY","ACUTE","DAY","A","2002",6.9,
"EST","HOSPITALSTAY","ACUTE","DAY","A","2003",6.4,
"EST","HOSPITALSTAY","ACUTE","DAY","A","2004",6.2,
"EST","HOSPITALSTAY","ACUTE","DAY","A","2005",6,
"EST","HOSPITALSTAY","ACUTE","DAY","A","2006",5.9,
"EST","HOSPITALSTAY","ACUTE","DAY","A","2007",5.9,
"EST","HOSPITALSTAY","ACUTE","DAY","A","2008",5.7,
"EST","HOSPITALSTAY","ACUTE","DAY","A","2009",5.6,
"EST","HOSPITALSTAY","ACUTE","DAY","A","2010",5.5,
"EST","HOSPITALSTAY","ACUTE","DAY","A","2011",5.5,
"EST","HOSPITALSTAY","ACUTE","DAY","A","2012",5.6,
"EST","HOSPITALSTAY","ACUTE","DAY","A","2013",5.5,
"EST","HOSPITALSTAY","ACUTE","DAY","A","2014",5.4,
"EST","HOSPITALSTAY","ACUTE","DAY","A","2015",5.5,
"ISR","HOSPITALSTAY","ACUTE","DAY","A","2000",9,
"ISR","HOSPITALSTAY","ACUTE","DAY","A","2001",6.1,
"ISR","HOSPITALSTAY","ACUTE","DAY","A","2002",6,
"ISR","HOSPITALSTAY","ACUTE","DAY","A","2003",6,
"ISR","HOSPITALSTAY","ACUTE","DAY","A","2004",6,
"ISR","HOSPITALSTAY","ACUTE","DAY","A","2005",5.9,
"ISR","HOSPITALSTAY","ACUTE","DAY","A","2006",7.3,
"ISR","HOSPITALSTAY","ACUTE","DAY","A","2007",5.7,
"ISR","HOSPITALSTAY","ACUTE","DAY","A","2008",5.1,
"ISR","HOSPITALSTAY","ACUTE","DAY","A","2009",5.2,
"ISR","HOSPITALSTAY","ACUTE","DAY","A","2010",5.2,
"ISR","HOSPITALSTAY","ACUTE","DAY","A","2011",5.4,
"ISR","HOSPITALSTAY","ACUTE","DAY","A","2012",5.4,
"ISR","HOSPITALSTAY","ACUTE","DAY","A","2013",5.3,
"ISR","HOSPITALSTAY","ACUTE","DAY","A","2014",5.1,
"ISR","HOSPITALSTAY","ACUTE","DAY","A","2015",5.2,
"ISR","HOSPITALSTAY","CHILDBIRTH","DAY","A","2000",2.9,
"ISR","HOSPITALSTAY","CHILDBIRTH","DAY","A","2001",2.9,
"ISR","HOSPITALSTAY","CHILDBIRTH","DAY","A","2002",2.9,
"ISR","HOSPITALSTAY","CHILDBIRTH","DAY","A","2003",2.8,
"ISR","HOSPITALSTAY","CHILDBIRTH","DAY","A","2004",2.9,
"ISR","HOSPITALSTAY","CHILDBIRTH","DAY","A","2005",2.9,
"ISR","HOSPITALSTAY","CHILDBIRTH","DAY","A","2006",2.8,
"ISR","HOSPITALSTAY","CHILDBIRTH","DAY","A","2007",2.9,
"ISR","HOSPITALSTAY","CHILDBIRTH","DAY","A","2008",2.9,
"ISR","HOSPITALSTAY","CHILDBIRTH","DAY","A","2009",2.9,
"ISR","HOSPITALSTAY","CHILDBIRTH","DAY","A","2010",2.9,
"ISR","HOSPITALSTAY","CHILDBIRTH","DAY","A","2011",2.9,
"ISR","HOSPITALSTAY","CHILDBIRTH","DAY","A","2012",2.9,
"ISR","HOSPITALSTAY","CHILDBIRTH","DAY","A","2013",2.9,
"ISR","HOSPITALSTAY","CHILDBIRTH","DAY","A","2014",3,
"ISR","HOSPITALSTAY","CHILDBIRTH","DAY","A","2015",3,
"RUS","HOSPITALSTAY","ACUTE","DAY","A","1986",13.6,
"RUS","HOSPITALSTAY","ACUTE","DAY","A","1987",13.3,
"RUS","HOSPITALSTAY","ACUTE","DAY","A","1988",13.3,
"RUS","HOSPITALSTAY","ACUTE","DAY","A","1989",13.6,
"RUS","HOSPITALSTAY","ACUTE","DAY","A","1990",13.8,
"RUS","HOSPITALSTAY","ACUTE","DAY","A","1991",13.7,
"RUS","HOSPITALSTAY","ACUTE","DAY","A","1992",13.6,
"RUS","HOSPITALSTAY","ACUTE","DAY","A","1993",13.6,
"RUS","HOSPITALSTAY","ACUTE","DAY","A","1994",13.6,
"RUS","HOSPITALSTAY","ACUTE","DAY","A","1995",13.6,
"RUS","HOSPITALSTAY","ACUTE","DAY","A","1996",13.6,
"RUS","HOSPITALSTAY","ACUTE","DAY","A","1997",14.3,
"RUS","HOSPITALSTAY","ACUTE","DAY","A","1998",14,
"RUS","HOSPITALSTAY","ACUTE","DAY","A","1999",13.7,
"RUS","HOSPITALSTAY","ACUTE","DAY","A","2000",13.5,
"RUS","HOSPITALSTAY","ACUTE","DAY","A","2001",13.2,
"RUS","HOSPITALSTAY","ACUTE","DAY","A","2002",12.9,
"RUS","HOSPITALSTAY","ACUTE","DAY","A","2003",12.6,
"RUS","HOSPITALSTAY","ACUTE","DAY","A","2004",12.2,
"RUS","HOSPITALSTAY","ACUTE","DAY","A","2005",11.9,
"RUS","HOSPITALSTAY","ACUTE","DAY","A","2006",11.5,
"RUS","HOSPITALSTAY","ACUTE","DAY","A","2007",11.4,
"RUS","HOSPITALSTAY","ACUTE","DAY","A","2008",11.3,
"RUS","HOSPITALSTAY","ACUTE","DAY","A","2009",11,
"RUS","HOSPITALSTAY","ACUTE","DAY","A","2010",10.8,
"RUS","HOSPITALSTAY","ACUTE","DAY","A","2011",11.3,
"RUS","HOSPITALSTAY","ACUTE","DAY","A","2012",10.8,
"RUS","HOSPITALSTAY","ACUTE","DAY","A","2013",10.3,
"RUS","HOSPITALSTAY","ACUTE","DAY","A","2014",9.9,"B"
"RUS","HOSPITALSTAY","ACUTE","DAY","A","2015",9.7,
"SVN","HOSPITALSTAY","ACUTE","DAY","A","1980",11.5,
"SVN","HOSPITALSTAY","ACUTE","DAY","A","1985",10.7,
"SVN","HOSPITALSTAY","ACUTE","DAY","A","1986",10.5,
"SVN","HOSPITALSTAY","ACUTE","DAY","A","1987",10.3,
"SVN","HOSPITALSTAY","ACUTE","DAY","A","1988",10,
"SVN","HOSPITALSTAY","ACUTE","DAY","A","1989",9.8,
"SVN","HOSPITALSTAY","ACUTE","DAY","A","1990",9.8,
"SVN","HOSPITALSTAY","ACUTE","DAY","A","1991",9.4,
"SVN","HOSPITALSTAY","ACUTE","DAY","A","1992",9.3,
"SVN","HOSPITALSTAY","ACUTE","DAY","A","1993",9.2,
"SVN","HOSPITALSTAY","ACUTE","DAY","A","1994",8.9,
"SVN","HOSPITALSTAY","ACUTE","DAY","A","1995",8.8,
"SVN","HOSPITALSTAY","ACUTE","DAY","A","1996",8.8,
"SVN","HOSPITALSTAY","ACUTE","DAY","A","1997",8.4,
"SVN","HOSPITALSTAY","ACUTE","DAY","A","1998",7.9,
"SVN","HOSPITALSTAY","ACUTE","DAY","A","1999",7.5,
"SVN","HOSPITALSTAY","ACUTE","DAY","A","2000",7.1,
"SVN","HOSPITALSTAY","ACUTE","DAY","A","2001",6.8,
"SVN","HOSPITALSTAY","ACUTE","DAY","A","2002",6.6,
"SVN","HOSPITALSTAY","ACUTE","DAY","A","2003",6.1,
"SVN","HOSPITALSTAY","ACUTE","DAY","A","2004",6.2,
"SVN","HOSPITALSTAY","ACUTE","DAY","A","2005",5.8,
"SVN","HOSPITALSTAY","ACUTE","DAY","A","2006",5.8,
"SVN","HOSPITALSTAY","ACUTE","DAY","A","2007",5.5,
"SVN","HOSPITALSTAY","ACUTE","DAY","A","2008",5.7,
"SVN","HOSPITALSTAY","ACUTE","DAY","A","2009",5.6,
"SVN","HOSPITALSTAY","ACUTE","DAY","A","2010",5.5,
"SVN","HOSPITALSTAY","ACUTE","DAY","A","2011",6.8,"B"
"SVN","HOSPITALSTAY","ACUTE","DAY","A","2012",6.9,
"SVN","HOSPITALSTAY","ACUTE","DAY","A","2013",6.6,"B"
"SVN","HOSPITALSTAY","ACUTE","DAY","A","2014",6.6,
"SVN","HOSPITALSTAY","ACUTE","DAY","A","2015",6.5,
"SVN","HOSPITALSTAY","CHILDBIRTH","DAY","A","1998",7.3,
"SVN","HOSPITALSTAY","CHILDBIRTH","DAY","A","1999",6.6,
"SVN","HOSPITALSTAY","CHILDBIRTH","DAY","A","2000",4.9,
"SVN","HOSPITALSTAY","CHILDBIRTH","DAY","A","2001",5.1,
"SVN","HOSPITALSTAY","CHILDBIRTH","DAY","A","2002",5,
"SVN","HOSPITALSTAY","CHILDBIRTH","DAY","A","2003",4.9,
"SVN","HOSPITALSTAY","CHILDBIRTH","DAY","A","2004",4.7,
"SVN","HOSPITALSTAY","CHILDBIRTH","DAY","A","2005",4.3,
"SVN","HOSPITALSTAY","CHILDBIRTH","DAY","A","2006",4.1,
"SVN","HOSPITALSTAY","CHILDBIRTH","DAY","A","2007",4,
"SVN","HOSPITALSTAY","CHILDBIRTH","DAY","A","2008",3.9,
"SVN","HOSPITALSTAY","CHILDBIRTH","DAY","A","2009",4,
"SVN","HOSPITALSTAY","CHILDBIRTH","DAY","A","2010",4,
"SVN","HOSPITALSTAY","CHILDBIRTH","DAY","A","2011",3.9,
"SVN","HOSPITALSTAY","CHILDBIRTH","DAY","A","2012",3.9,
"SVN","HOSPITALSTAY","CHILDBIRTH","DAY","A","2013",3.6,
"SVN","HOSPITALSTAY","CHILDBIRTH","DAY","A","2014",3.6,
"SVN","HOSPITALSTAY","CHILDBIRTH","DAY","A","2015",3.6,
"ISL","HOSPITALSTAY","ACUTE","DAY","A","2007",5.6,
"ISL","HOSPITALSTAY","ACUTE","DAY","A","2008",5.5,
"ISL","HOSPITALSTAY","ACUTE","DAY","A","2009",5.5,
"ISL","HOSPITALSTAY","ACUTE","DAY","A","2010",5.4,
"ISL","HOSPITALSTAY","ACUTE","DAY","A","2011",5.3,
"ISL","HOSPITALSTAY","ACUTE","DAY","A","2012",5.5,
"ISL","HOSPITALSTAY","ACUTE","DAY","A","2013",5.6,
"ISL","HOSPITALSTAY","ACUTE","DAY","A","2014",5.8,
"ISL","HOSPITALSTAY","ACUTE","DAY","A","2015",5.9,
"ISL","HOSPITALSTAY","ACUTE","DAY","A","2016",5.9,
"LVA","HOSPITALSTAY","ACUTE","DAY","A","2000",8.5,
"LVA","HOSPITALSTAY","ACUTE","DAY","A","2001",8.3,
"LVA","HOSPITALSTAY","ACUTE","DAY","A","2002",8,
"LVA","HOSPITALSTAY","ACUTE","DAY","A","2003",7.9,
"LVA","HOSPITALSTAY","ACUTE","DAY","A","2004",7.8,
"LVA","HOSPITALSTAY","ACUTE","DAY","A","2005",7.4,
"LVA","HOSPITALSTAY","ACUTE","DAY","A","2006",7.2,
"LVA","HOSPITALSTAY","ACUTE","DAY","A","2007",7.1,
"LVA","HOSPITALSTAY","ACUTE","DAY","A","2008",7.1,
"LVA","HOSPITALSTAY","ACUTE","DAY","A","2009",6.1,
"LVA","HOSPITALSTAY","ACUTE","DAY","A","2010",6.2,
"LVA","HOSPITALSTAY","ACUTE","DAY","A","2011",6,
"LVA","HOSPITALSTAY","ACUTE","DAY","A","2012",5.8,
"LVA","HOSPITALSTAY","ACUTE","DAY","A","2013",5.8,
"LVA","HOSPITALSTAY","ACUTE","DAY","A","2014",5.9,
"LVA","HOSPITALSTAY","ACUTE","DAY","A","2015",6,
"LVA","HOSPITALSTAY","CHILDBIRTH","DAY","A","2013",3.3,
"LVA","HOSPITALSTAY","CHILDBIRTH","DAY","A","2014",3.3,
"LVA","HOSPITALSTAY","CHILDBIRTH","DAY","A","2015",3.4,
"LTU","HOSPITALSTAY","ACUTE","DAY","A","1992",14.7,
"LTU","HOSPITALSTAY","ACUTE","DAY","A","1993",14.1,
"LTU","HOSPITALSTAY","ACUTE","DAY","A","1994",13.5,
"LTU","HOSPITALSTAY","ACUTE","DAY","A","1995",12.8,
"LTU","HOSPITALSTAY","ACUTE","DAY","A","1996",12,
"LTU","HOSPITALSTAY","ACUTE","DAY","A","1997",10.6,
"LTU","HOSPITALSTAY","ACUTE","DAY","A","1998",9.1,
"LTU","HOSPITALSTAY","ACUTE","DAY","A","1999",8.6,
"LTU","HOSPITALSTAY","ACUTE","DAY","A","2000",8.4,
"LTU","HOSPITALSTAY","ACUTE","DAY","A","2001",8.1,
"LTU","HOSPITALSTAY","ACUTE","DAY","A","2002",7.7,
"LTU","HOSPITALSTAY","ACUTE","DAY","A","2003",7.5,
"LTU","HOSPITALSTAY","ACUTE","DAY","A","2004",7.3,
"LTU","HOSPITALSTAY","ACUTE","DAY","A","2005",7.3,
"LTU","HOSPITALSTAY","ACUTE","DAY","A","2006",7.1,
"LTU","HOSPITALSTAY","ACUTE","DAY","A","2007",6.9,
"LTU","HOSPITALSTAY","ACUTE","DAY","A","2008",6.7,
"LTU","HOSPITALSTAY","ACUTE","DAY","A","2009",6.4,
"LTU","HOSPITALSTAY","ACUTE","DAY","A","2010",6.3,
"LTU","HOSPITALSTAY","ACUTE","DAY","A","2011",6.4,
"LTU","HOSPITALSTAY","ACUTE","DAY","A","2012",6.3,
"LTU","HOSPITALSTAY","ACUTE","DAY","A","2013",6.3,
"LTU","HOSPITALSTAY","ACUTE","DAY","A","2014",6.4,
"LTU","HOSPITALSTAY","ACUTE","DAY","A","2015",6.3,
"LTU","HOSPITALSTAY","CHILDBIRTH","DAY","A","2013",3.6,
"LTU","HOSPITALSTAY","CHILDBIRTH","DAY","A","2014",3.6,
"LTU","HOSPITALSTAY","CHILDBIRTH","DAY","A","2015",3.6,
